Workbook

Sheet Sheet1
A1: 원보험사코드 | B1: 원수사명 | C1: 티커 | D1: 생손보여부 | E1: 항목번호 | F1: 항목명 | G1: 공시분기 | H1: 값
A2: KR0008 | B2: 삼성화재 | D2: 손해보험 | E2: 1 | F2: 보험손익 | G2: 2025.4Q | H2: =H3+H7+H8+H9-H10 -> 1483033.7
A3: KR0008 | B3: 삼성화재 | D3: 손해보험 | E3: =E2+1 -> 2 | F3: 장기 손익 | G3: 2025.4Q | H3: =SUM([1]보험손익!E2:E7,[1]보험손익!E17:E19)-SUM([1]보험손익!E8:E16) -> 1615071
A4: KR0008 | B4: 삼성화재 | D4: 손해보험 | E4: =E3+1 -> 3 | F4: CSM상각 | G4: 2025.4Q | H4: =[1]보험손익!E4 -> 1620781
A5: KR0008 | B5: 삼성화재 | D5: 손해보험 | E5: =E4+1 -> 4 | F5: RA(위험조정변동) | G5: 2025.4Q | H5: =[1]보험손익!E3 -> 198039
A6: KR0008 | B6: 삼성화재 | D6: 손해보험 | E6: =E5+1 -> 5 | F6: 예실차 등 | G6: 2025.4Q | H6: =H3-SUM(H4:H5) -> -203749
A7: KR0008 | B7: 삼성화재 | D7: 손해보험 | E7: =E6+1 -> 6 | F7: 자동차손익 | G7: 2025.4Q | H7: =SUM([1]보험손익!F2:F7,[1]보험손익!F17:F19)-SUM([1]보험손익!F8:F16) -> -121722
A8: KR0008 | B8: 삼성화재 | D8: 손해보험 | E8: =E7+1 -> 7 | F8: 일반손익 | G8: 2025.4Q | H8: =SUM([1]보험손익!G2:G7,[1]보험손익!G17:G19)-SUM([1]보험손익!G8:G16) -> 179564
A9: KR0008 | B9: 삼성화재 | D9: 손해보험 | E9: 8 | F9: 기타영업수익 | G9: 2025.4Q | H9: =[1]포괄손익계산서!B6/1000000 -> 16727.914
A10: KR0008 | B10: 삼성화재 | D10: 손해보험 | E10: 9 | F10: 기타사업비용 | G10: 2025.4Q | H10: =[1]포괄손익계산서!B10/1000000 -> 206607.23
A11: KR0008 | B11: 삼성화재 | D11: 손해보험 | E11: 10 | F11: 투자손익 | G11: 2025.4Q | H11: =[1]포괄손익계산서!B11/1000000 -> 1176108.9
A12: KR0008 | B12: 삼성화재 | D12: 손해보험 | E12: =E11+1 -> 11 | F12: 투자이익 | G12: 2025.4Q | H12: =H11-H13 -> 2437218.1
A13: KR0008 | B13: 삼성화재 | D13: 손해보험 | E13: =E12+1 -> 12 | F13: 보험금융손익 | G13: 2025.4Q | H13: =([1]포괄손익계산서!B13+[1]포괄손익계산서!B14-[1]포괄손익계산서!B25-[1]포괄손익계산서!B26)/1000000 -> -1261109.2
A14: KR0008 | B14: 삼성화재 | D14: 손해보험 | E14: =E13+1 -> 13 | F14: 영업이익 | G14: 2025.4Q | H14: =H2+H11 -> 2659142.6
A15: KR0008 | B15: 삼성화재 | D15: 손해보험 | E15: =E14+1 -> 14 | F15: 영업외손익 | G15: 2025.4Q | H15: =([1]포괄손익계산서!B37-[1]포괄손익계산서!B38)/1000000 -> 124166.9
A16: KR0008 | B16: 삼성화재 | D16: 손해보험 | E16: =E15+1 -> 15 | F16: 세전이익 | G16: 2025.4Q | H16: =H14+H15 -> 2783309.5
A17: KR0008 | B17: 삼성화재 | D17: 손해보험 | E17: =E16+1 -> 16 | F17: 법인세 | G17: 2025.4Q | H17: =[1]포괄손익계산서!B40/1000000 -> 763022.77
A18: KR0008 | B18: 삼성화재 | D18: 손해보험 | E18: =E17+1 -> 17 | F18: 당기순이익 | G18: 2025.4Q | H18: =H16-H17 -> 2020286.7
A19: KR0001 | B19: 메리츠화재 | D19: 손해보험 | E19: 1 | F19: 보험손익 | G19: 2025.4Q | H19: 1426994.9
A20: KR0001 | B20: 메리츠화재 | D20: 손해보험 | E20: 2 | F20: 장기 손익 | G20: 2025.4Q | H20: 1573297
A21: KR0001 | B21: 메리츠화재 | D21: 손해보험 | E21: 3 | F21: CSM상각 | G21: 2025.4Q | H21: 1167264
A22: KR0001 | B22: 메리츠화재 | D22: 손해보험 | E22: 4 | F22: RA(위험조정변동) | G22: 2025.4Q | H22: 181943
A23: KR0001 | B23: 메리츠화재 | D23: 손해보험 | E23: 5 | F23: 예실차 등 | G23: 2025.4Q | H23: 224090
A24: KR0001 | B24: 메리츠화재 | D24: 손해보험 | E24: 6 | F24: 자동차손익 | G24: 2025.4Q | H24: -46324
A25: KR0001 | B25: 메리츠화재 | D25: 손해보험 | E25: 7 | F25: 일반손익 | G25: 2025.4Q | H25: 33482
A26: KR0001 | B26: 메리츠화재 | D26: 손해보험 | E26: 8 | F26: 기타영업수익 | G26: 2025.4Q | H26: 0
A27: KR0001 | B27: 메리츠화재 | D27: 손해보험 | E27: 9 | F27: 기타사업비용 | G27: 2025.4Q | H27: 133460.08
A28: KR0001 | B28: 메리츠화재 | D28: 손해보험 | E28: 10 | F28: 투자손익 | G28: 2025.4Q | H28: 859525.27
A29: KR0001 | B29: 메리츠화재 | D29: 손해보험 | E29: 11 | F29: 투자이익 | G29: 2025.4Q | H29: 1501195.6
A30: KR0001 | B30: 메리츠화재 | D30: 손해보험 | E30: 12 | F30: 보험금융손익 | G30: 2025.4Q | H30: -641670.3
... A35: KR0001 | B35: 메리츠화재 | D35: 손해보험 | E35: 17 | F35: 당기순이익 | G35: 2025.4Q | H35: 1692867.1
