Workbook

Sheet Sheet1
A1: 원보험사코드 | B1: 원수사명 | C1: 티커 | D1: 생손보여부 | E1: 항목번호 | F1: 항목명 | G1: 공시분기 | H1: 값 | I1: 검증
A2: KR0008 | B2: 삼성화재 | D2: 손해보험 | E2: 1 | F2: 보험손익 | G2: 2025.4Q | H2: =H3+H14+H15+H16-H17 -> 1483033.7 | I2: =ROUND(H2,0)=ROUND(포괄손익계산서!B2/1000000,0) -> TRUE
A3: KR0008 | B3: 삼성화재 | D3: 손해보험 | E3: =E2+1 -> 2 | F3: 생명장기 손익 | G3: 2025.4Q | H3: =H4+H9 -> 1615071
A4: KR0008 | B4: 삼성화재 | D4: 손해보험 | E4: =E3+1 -> 3 | F4: 생명장기 원수손익 | G4: 2025.4Q | H4: =SUM(보험손익!E2:E7)-SUM(보험손익!E8:E11) -> 1665078
A5: KR0008 | B5: 삼성화재 | D5: 손해보험 | E5: =E4+1 -> 4 | F5: 원수 CSM상각 | G5: 2025.4Q | H5: =보험손익!E4 -> 1620781
A6: KR0008 | B6: 삼성화재 | D6: 손해보험 | E6: =E5+1 -> 5 | F6: 원수 위험조정 변동 | G6: 2025.4Q | H6: =보험손익!E3 -> 198039
A7: KR0008 | B7: 삼성화재 | D7: 손해보험 | E7: =E6+1 -> 6 | F7: 원수 예실차 | G7: 2025.4Q | H7: =보험손익!E2-보험손익!E8 -> -232090
A8: KR0008 | B8: 삼성화재 | D8: 손해보험 | E8: =E7+1 -> 7 | F8: 기타 생명장기 원수손익 | G8: 2025.4Q | H8: =H4-SUM(H5:H7) -> 78348
A9: KR0008 | B9: 삼성화재 | D9: 손해보험 | E9: =E8+1 -> 8 | F9: 생명장기 재보험손익 | G9: 2025.4Q | H9: =SUM(보험손익!E17:E19)-SUM(보험손익!E12:E16) -> -50007
A10: KR0008 | B10: 삼성화재 | D10: 손해보험 | E10: =E9+1 -> 9 | F10: 재보험 CSM상각 | G10: 2025.4Q | H10: =-보험손익!E14 -> -46979
A11: KR0008 | B11: 삼성화재 | D11: 손해보험 | E11: =E10+1 -> 10 | F11: 재보험 위험조정 변동 | G11: 2025.4Q | H11: =-보험손익!E13 -> -6164
A12: KR0008 | B12: 삼성화재 | D12: 손해보험 | E12: =E11+1 -> 11 | F12: 재보험 예실차 | G12: 2025.4Q | H12: =-보험손익!E12+보험손익!E17 -> -37111
A13: KR0008 | B13: 삼성화재 | D13: 손해보험 | E13: =E12+1 -> 12 | F13: 기타 생명장기 재보험손익 | G13: 2025.4Q | H13: =H9-SUM(H10:H12) -> 40247
A14: KR0008 | B14: 삼성화재 | D14: 손해보험 | E14: =E13+1 -> 13 | F14: 자동차손익 | G14: 2025.4Q | H14: =SUM(보험손익!F2:F7,보험손익!F17:F19)-SUM(보험손익!F8:F16) -> -121722
A15: KR0008 | B15: 삼성화재 | D15: 손해보험 | E15: =E14+1 -> 14 | F15: 일반손익 | G15: 2025.4Q | H15: =SUM(보험손익!G2:G7,보험손익!G17:G19)-SUM(보험손익!G8:G16) -> 179564
A16: KR0008 | B16: 삼성화재 | D16: 손해보험 | E16: =E15+1 -> 15 | F16: 기타영업수익 | G16: 2025.4Q | H16: =포괄손익계산서!B6/1000000 -> 16727.914
A17: KR0008 | B17: 삼성화재 | D17: 손해보험 | E17: =E16+1 -> 16 | F17: 기타사업비용 | G17: 2025.4Q | H17: =포괄손익계산서!B10/1000000 -> 206607.23
A18: KR0008 | B18: 삼성화재 | D18: 손해보험 | E18: =E17+1 -> 17 | F18: 투자손익 | G18: 2025.4Q | H18: =포괄손익계산서!B11/1000000 -> 1176108.9
A19: KR0008 | B19: 삼성화재 | D19: 손해보험 | E19: =E18+1 -> 18 | F19: 투자이익 | G19: 2025.4Q | H19: =H18-H20 -> 2437218.1
A20: KR0008 | B20: 삼성화재 | D20: 손해보험 | E20: =E19+1 -> 19 | F20: 보험금융손익 | G20: 2025.4Q | H20: =(포괄손익계산서!B13+포괄손익계산서!B14-포괄손익계산서!B25-포괄손익계산서!B26)/1000000 -> -1261109.2
A21: KR0008 | B21: 삼성화재 | D21: 손해보험 | E21: =E20+1 -> 20 | F21: 영업이익 | G21: 2025.4Q | H21: =H2+H18 -> 2659142.6 | I21: =ROUND(H21,0)=ROUND(포괄손익계산서!B36/1000000,0) -> TRUE
A22: KR0008 | B22: 삼성화재 | D22: 손해보험 | E22: =E21+1 -> 21 | F22: 영업외손익 | G22: 2025.4Q | H22: =(포괄손익계산서!B37-포괄손익계산서!B38)/1000000 -> 124166.9
A23: KR0008 | B23: 삼성화재 | D23: 손해보험 | E23: =E22+1 -> 22 | F23: 세전이익 | G23: 2025.4Q | H23: =H21+H22 -> 2783309.5 | I23: =ABS(ROUND(H23,0)-ROUND(포괄손익계산서!B39/1000000,0))<2 -> TRUE
A24: KR0008 | B24: 삼성화재 | D24: 손해보험 | E24: =E23+1 -> 23 | F24: 법인세 | G24: 2025.4Q | H24: =포괄손익계산서!B40/1000000 -> 763022.77 | I24: =ROUND(포괄손익계산서!B40/1000000,0)=ROUND(H24,0) -> TRUE
A25: KR0008 | B25: 삼성화재 | D25: 손해보험 | E25: =E24+1 -> 24 | F25: 당기순이익 | G25: 2025.4Q | H25: =H23-H24 -> 2020286.7 | I25: =ROUND(H25,0)=ROUND(포괄손익계산서!B41/1000000,0) -> TRUE

Sheet 포괄손익계산서
B1: 제 76 기 | C1: 제 75 기 | D1: 제 74 기
A2: 보험손익 | B2: 1483034088528 | C2: 1818315960226 | D2: 1936082397269
A3: 보험영업수익 | B3: 19530026324425 | C3: 17823215032495 | D3: 17020053932407 | F3: =B3=SUM(B4:B6) -> TRUE | G3: =C3=SUM(C4:C6) -> TRUE | H3: =D3=SUM(D4:D6) -> TRUE
A4: 보험수익 | B4: 18639982044735 | C4: 17276463586462 | D4: 16485954618894 | F4: =ROUND(B4/1000000,0)=SUM(보험손익!E2:G7) -> TRUE
A5: 재보험수익 | B5: 873316365924 | C5: 519692202895 | D5: 511054343427 | F5: =ROUND(B5/1000000,0)=SUM(보험손익!E17:G19) -> TRUE
A6: 기타영업수익 | B6: 16727913766 | C6: 27059243138 | D6: 23044970086
A7: 보험영업비용 | B7: 18046992235897 | C7: 16004899072269 | D7: 15083971535138 | F7: =B7=SUM(B8:B10) -> TRUE
A8: 보험서비스비용 | B8: 16505274666751 | C8: 14508652781004 | D8: 13481857455155 | F8: =ROUND(B8/1000000,0)=SUM(보험손익!E8:G11) -> TRUE
A9: 재보험비용 | B9: 1335110338524 | C9: 1266732386990 | D9: 1215565892787 | F9: =ROUND(B9/1000000,0)=SUM(보험손익!E12:G16) -> TRUE
A10: 기타사업비용 | B10: 206607230622 | C10: 229513904275 | D10: 386548187196
A11: 투자손익 | B11: 1176108913616 | C11: 831280727807 | D11: 421201020216
A12: 투자영업수익 | B12: 5248493216039 | C12: 4833752628172 | D12: 3804653397761
A13: 보험금융수익 | B13: 232479113442 | C13: 136583506117 | D13: 184156479643
A14: 재보험금융수익 | B14: 133093397814 | C14: 123319808363 | D14: 99347473035
A15: 이자수익 | B15: 2371311653539 | C15: 2251532693274 | D15: 2104556761339
A16: 배당금수익 | B16: 187870644717 | C16: 160102542257 | D16: 144145216088
A17: 당기손익-공정가치측정금융상품관련이익 | B17: 425164130692 | C17: 401996359453 | D17: 310803758083
A18: 기타포괄손익-공정가치측정금융상품관련이익 | B18: 20558787020 | C18: 13760378182 | D18: 11894002036
A19: 상각후원가측정금융상품제거이익 | B19: 14252202021 | C19: 1076311082 | D19: 1209843317
A20: 파생상품거래및평가이익 | B20: 296048190123 | C20: 25897178997 | D20: 138196612419
A21: 신용손실충당금 환입액 | B21: 18037890784 | C21: 19600625965 | D21: 38553440397
... A57: 연결당기총포괄손익 | B57: 6497876016727 | C57: 141109139066 | D57: 4454104869719
A58: 연결당기순이익의 귀속
A59: 지배기업의 소유주에게 귀속되는 연결당기순이익 | B59: 2018286152118 | C59: 2073571536369 | D59: 1818433660138
A60: 비지배지분에 귀속되는 연결당기순이익 | B60: 2000980137 | C60: 3226176614 | D60: 3180682909
A61: 연결당기총포괄손익의 귀속
A62: 지배기업의 소유주에게 귀속되는 연결당기총포괄손익 | B62: 6497736422070 | C62: 135223838108 | D62: 4450891760042
A63: 비지배지분에 귀속되는 연결당기총포괄손익 | B63: 139594657 | C63: 5885300958 | D63: 3213109677
A64: 연결주당이익
A65: 기본주당이익 (단위 : 원) | B65: 47478 | C65: 48779 | D65: 42777
A66: 희석주당이익 (단위 : 원) | B66: 47478 | C66: 48779 | D66: 42777

Sheet 보험손익
A1: 사코드 | B1: 공시분기 | C1: 분류1 | D1: 세분류 | E1: 장기보험 | F1: 자동차보험 | G1: 일반보험
A2: KR0008 | B2: 2025.4Q | C2: 보험수익 | D2: 보고기간에 발생한 보험서비스비용 (기초 예상 측정치) | E2: 6639295 | F2: 0 | G2: 0 | J2: =E2-E8-E12+E17 -> -269201
A3: KR0008 | B3: 2025.4Q | C3: 보험수익 | D3: 비금융위험에 대한 위험조정의 변동분 | E3: 198039 | F3: 0 | G3: 0 | I3: RA변동
A4: KR0008 | B4: 2025.4Q | C4: 보험수익 | D4: 서비스의 이전으로 당기손익에 인식한 보험계약마진 | E4: 1620781 | F4: 0 | G4: 0 | I4: CSM상각
A5: KR0008 | B5: 2025.4Q | C5: 보험수익 | D5: 보험취득 현금흐름의 회수와 관련되는 보험료 부분의 배분액 | E5: 1628566 | F5: 0 | G5: 0
A6: KR0008 | B6: 2025.4Q | C6: 보험수익 | D6: 그 밖의 금액 | E6: -62064 | F6: 0 | G6: 0
A7: KR0008 | B7: 2025.4Q | C7: 보험수익 | D7: 총 잔여보장부채의 변동분과 관련되는 금액 | E7: 0 | F7: 5565082 | G7: 3050283
A8: KR0008 | B8: 2025.4Q | C8: 보험서비스비용 | D8: 발생한 보험금 및 그 밖의 발생한 보험서비스비용 | E8: 6871385 | F8: 5428861 | G8: 1931162
A9: KR0008 | B9: 2025.4Q | C9: 보험서비스비용 | D9: 과거 서비스와 관련된 금액 | E9: -125931 | F9: -155206 | G9: 294111
A10: KR0008 | B10: 2025.4Q | C10: 보험서비스비용 | D10: 미래 서비스와 관련된 변동분에 관련된 금액 | E10: -14481 | F10: 0 | G10: -1771
A11: KR0008 | B11: 2025.4Q | C11: 보험서비스비용 | D11: 보험취득 현금흐름의 상각에 따른 금액 | E11: 1628566 | F11: 413459 | G11: 235120
A12: KR0008 | B12: 2025.4Q | C12: 재보험비용 | D12: 보고기간에 발생한 보험서비스비용 (기초 예상 측정치) | E12: 232463 | F12: 0 | G12: 0 | J12: =SUM(E17:E19)-SUM(E12:E16) -> -50007
A13: KR0008 | B13: 2025.4Q | C13: 재보험비용 | D13: 비금융위험에 대한 위험조정의 변동분 | E13: 6164 | F13: 0 | G13: 0 | J13: =E17-E12 -> -37111
A14: KR0008 | B14: 2025.4Q | C14: 재보험비용 | D14: 서비스의 이전으로 당기손익에 인식한 보험계약마진 | E14: 46979 | F14: 0 | G14: 0 | J14: =-E13 -> -6164
A15: KR0008 | B15: 2025.4Q | C15: 재보험비용 | D15: 그 밖의 금액 | E15: -54108 | F15: 0 | G15: 0 | J15: =-E14 -> -46979
A16: KR0008 | B16: 2025.4Q | C16: 재보험비용 | D16: 보험수익, 잔여보장부채의 변동과 관련되는 금액 | E16: 853 | F16: 0 | G16: 1102759 | J16: =-E15-E16+E18+E19 -> 40247
A17: KR0008 | B17: 2025.4Q | C17: 재보험수익 | D17: 발생한 보험금 및 그 밖의 발생한 보험서비스비용 | E17: 195352 | F17: -3 | G17: 507684
A18: KR0008 | B18: 2025.4Q | C18: 재보험수익 | D18: 과거 서비스와 관련된 금액 | E18: -12675 | F18: 313 | G18: 183740
A19: KR0008 | B19: 2025.4Q | C19: 재보험수익 | D19: 미래 서비스와 관련된 변동분에 관련된 금액 | E19: -333 | F19: 0 | G19: -762
E50: =SUM(E2:E7,E17:E19)-SUM(E8:E16)+SUM(보험금융비용!G2:G31) -> 1394999 | F50: =SUM(F2:F7,F17:F19)-SUM(F8:F16)+SUM(보험금융비용!H2:H31) -> -149250 | G50: =SUM(G2:G7,G17:G19)-SUM(G8:G16)+SUM(보험금융비용!I2:I31) -> 138364

Sheet 보험금융비용
A1: 사코드 | B1: 공시분기 | C1: 분류1 | D1: 분류2 | E1: 분류3 | F1: 세분류 | G1: 장기보험 | H1: 자동차보험 | I1: 일반보험
A2: KR0008 | B2: 2025.4Q | C2: 보험금융수익(비용) | D2: 발행한 보험계약 | E2: 당기손익으로 인식한 발행한 보험계약의 보험금융수익(비용) | F2: 화폐의 시간가치 및 그 변동 효과 | G2: -1196694 | H2: -30865 | I2: -82516
A3: KR0008 | B3: 2025.4Q | C3: 보험금융수익(비용) | D3: 발행한 보험계약 | E3: 당기손익으로 인식한 발행한 보험계약의 보험금융수익(비용) | F3: 기타 보험계약집합 장부금액의 변동 효과 | G3: 0 | H3: 0 | I3: -3208
A4: KR0008 | B4: 2025.4Q | C4: 보험금융수익(비용) | D4: 발행한 보험계약 | E4: 당기손익으로 인식한 발행한 보험계약의 보험금융수익(비용) | F4: 금융위험 및 그 변동 효과 | G4: 0 | H4: 0 | I4: 0
A5: KR0008 | B5: 2025.4Q | C5: 보험금융수익(비용) | D5: 보유 재보험계약 | E5: 당기손익으로 인식한 발행한 보험계약의 보험금융수익(비용) | F5: 화폐의 시간가치 및 그 변동 효과 | G5: 0 | H5: 0 | I5: 0
A6: KR0008 | B6: 2025.4Q | C6: 보험금융수익(비용) | D6: 보유 재보험계약 | E6: 당기손익으로 인식한 발행한 보험계약의 보험금융수익(비용) | F6: 기타 보험계약집합 장부금액의 변동 효과 | G6: 0 | H6: 0 | I6: 0
A7: KR0008 | B7: 2025.4Q | C7: 보험금융수익(비용) | D7: 보유 재보험계약 | E7: 당기손익으로 인식한 발행한 보험계약의 보험금융수익(비용) | F7: 금융위험 및 그 변동 효과 | G7: 0 | H7: 0 | I7: 0
A8: KR0008 | B8: 2025.4Q | C8: 보험금융수익(비용) | D8: 발행한 보험계약 | E8: 세전기타포괄손익, 당기손익에서 제외되나 당기손익으로 재분류될 발행한 보험계약의 보험금융수익(비용) | F8: 화폐의 시간가치 및 그 변동 효과 | G8: 0 | H8: 0 | I8: 0
A9: KR0008 | B9: 2025.4Q | C9: 보험금융수익(비용) | D9: 발행한 보험계약 | E9: 세전기타포괄손익, 당기손익에서 제외되나 당기손익으로 재분류될 발행한 보험계약의 보험금융수익(비용) | F9: 기타 보험계약집합 장부금액의 변동 효과 | G9: 0 | H9: 0 | I9: 3306
A10: KR0008 | B10: 2025.4Q | C10: 보험금융수익(비용) | D10: 발행한 보험계약 | E10: 세전기타포괄손익, 당기손익에서 제외되나 당기손익으로 재분류될 발행한 보험계약의 보험금융수익(비용) | F10: 금융위험 및 그 변동 효과 | G10: 956311 | H10: 3337 | I10: -15787
A11: KR0008 | B11: 2025.4Q | C11: 보험금융수익(비용) | D11: 보유 재보험계약 | E11: 세전기타포괄손익, 당기손익에서 제외되나 당기손익으로 재분류될 발행한 보험계약의 보험금융수익(비용) | F11: 화폐의 시간가치 및 그 변동 효과 | G11: 0 | H11: 0 | I11: 0
A12: KR0008 | B12: 2025.4Q | C12: 보험금융수익(비용) | D12: 보유 재보험계약 | E12: 세전기타포괄손익, 당기손익에서 제외되나 당기손익으로 재분류될 발행한 보험계약의 보험금융수익(비용) | F12: 기타 보험계약집합 장부금액의 변동 효과 | G12: 0 | H12: 0 | I12: 0
A13: KR0008 | B13: 2025.4Q | C13: 보험금융수익(비용) | D13: 보유 재보험계약 | E13: 세전기타포괄손익, 당기손익에서 제외되나 당기손익으로 재분류될 발행한 보험계약의 보험금융수익(비용) | F13: 금융위험 및 그 변동 효과 | G13: 0 | H13: 0 | I13: 0
... A31: KR0008 | B31: 2025.4Q | C31: 보험금융수익(비용) | D31: 보유 재보험계약 | E31: 재보험계약 발행자의 불이행위험 변동효과 | F31: 금융위험 및 그 변동 효과 | G31: 0 | H31: 0 | I31: 0
