Workbook

Sheet Sheet1
A1: 원보험사코드 | B1: 원수사명 | C1: 티커 | D1: 생손보여부 | E1: 항목번호 | F1: 항목명 | G1: 공시분기 | H1: 값 | I1: 검증
A2: KR0003 | B2: 롯데손보 | D2: 손해보험 | E2: 1 | F2: 보험손익 | G2: 2024.4Q | H2: =H3+H14+H15+H16-H17 -> 177845.25 | I2: =ROUND(H2,0)=ROUND(포괄손익계산서!B2/1000000,0) -> TRUE
A3: KR0003 | B3: 롯데손보 | D3: 손해보험 | E3: =E2+1 -> 2 | F3: 생명장기 손익 | G3: 2024.4Q | H3: =H4+H9 -> 222982
A4: KR0003 | B4: 롯데손보 | D4: 손해보험 | E4: =E3+1 -> 3 | F4: 생명장기 원수손익 | G4: 2024.4Q | H4: =보험손익!B15-보험손익!B21 -> 239602
A5: KR0003 | B5: 롯데손보 | D5: 손해보험 | E5: =E4+1 -> 4 | F5: 원수 CSM상각 | G5: 2024.4Q | H5: =보험손익!B12 -> 225448
A6: KR0003 | B6: 롯데손보 | D6: 손해보험 | E6: =E5+1 -> 5 | F6: 원수 위험조정 변동 | G6: 2024.4Q | H6: =보험손익!B11 -> 27297
A7: KR0003 | B7: 롯데손보 | D7: 손해보험 | E7: =E6+1 -> 6 | F7: 원수 예실차 | G7: 2024.4Q | H7: =보험손익!B10-보험손익!B17 -> 2865
A8: KR0003 | B8: 롯데손보 | D8: 손해보험 | E8: =E7+1 -> 7 | F8: 기타 생명장기 원수손익 | G8: 2024.4Q | H8: =H4-SUM(H5:H7) -> -16008
A9: KR0003 | B9: 롯데손보 | D9: 손해보험 | E9: =E8+1 -> 8 | F9: 생명장기 재보험손익 | G9: 2024.4Q | H9: =보험손익!B26-보험손익!B33 -> -16620
A10: KR0003 | B10: 롯데손보 | D10: 손해보험 | E10: =E9+1 -> 9 | F10: 재보험 CSM상각 | G10: 2024.4Q | H10: =-보험손익!B31 -> -2989
A11: KR0003 | B11: 롯데손보 | D11: 손해보험 | E11: =E10+1 -> 10 | F11: 재보험 위험조정 변동 | G11: 2024.4Q | H11: =-보험손익!B30 -> -1060
A12: KR0003 | B12: 롯데손보 | D12: 손해보험 | E12: =E11+1 -> 11 | F12: 재보험 예실차 | G12: 2024.4Q | H12: =보험손익!B23-보험손익!B29 -> 1073
A13: KR0003 | B13: 롯데손보 | D13: 손해보험 | E13: =E12+1 -> 12 | F13: 기타 생명장기 재보험손익 | G13: 2024.4Q | H13: =H9-SUM(H10:H12) -> -13644
A14: KR0003 | B14: 롯데손보 | D14: 손해보험 | E14: =E13+1 -> 13 | F14: 자동차손익 | G14: 2024.4Q | H14: =보험손익!D15-보험손익!D21-보험손익!D33+보험손익!D26 -> -11110
A15: KR0003 | B15: 롯데손보 | D15: 손해보험 | E15: =E14+1 -> 14 | F15: 일반손익 | G15: 2024.4Q | H15: =보험손익!C15-보험손익!C21-보험손익!C33+보험손익!C26 -> -2804
A16: KR0003 | B16: 롯데손보 | D16: 손해보험 | E16: =E15+1 -> 15 | F16: 기타영업수익 | G16: 2024.4Q
A17: KR0003 | B17: 롯데손보 | D17: 손해보험 | E17: =E16+1 -> 16 | F17: 기타사업비용 | G17: 2024.4Q | H17: =포괄손익계산서!B9/1000000 -> 31222.748
A18: KR0003 | B18: 롯데손보 | D18: 손해보험 | E18: =E17+1 -> 17 | F18: 투자손익 | G18: 2024.4Q | H18: =포괄손익계산서!B10/1000000 -> -146783.99
A19: KR0003 | B19: 롯데손보 | D19: 손해보험 | E19: =E18+1 -> 18 | F19: 투자이익 | G19: 2024.4Q | H19: =H18-H20 -> 20817.653
A20: KR0003 | B20: 롯데손보 | D20: 손해보험 | E20: =E19+1 -> 19 | F20: 보험금융손익 | G20: 2024.4Q | H20: =(포괄손익계산서!B12+포괄손익계산서!B13-포괄손익계산서!B24-포괄손익계산서!B25)/1000000 -> -167601.64
A21: KR0003 | B21: 롯데손보 | D21: 손해보험 | E21: =E20+1 -> 20 | F21: 영업이익 | G21: 2024.4Q | H21: =H2+H18 -> 31061.261 | I21: =ROUND(H21,0)=ROUND(포괄손익계산서!B35/1000000,0) -> TRUE
A22: KR0003 | B22: 롯데손보 | D22: 손해보험 | E22: =E21+1 -> 21 | F22: 영업외손익 | G22: 2024.4Q | H22: =포괄손익계산서!B36/1000000 -> 2268.648
A23: KR0003 | B23: 롯데손보 | D23: 손해보험 | E23: =E22+1 -> 22 | F23: 세전이익 | G23: 2024.4Q | H23: =H21+H22 -> 33329.909 | I23: =ABS(ROUND(H23,0)-ROUND(포괄손익계산서!B40/1000000,0))<2 -> TRUE
A24: KR0003 | B24: 롯데손보 | D24: 손해보험 | E24: =E23+1 -> 23 | F24: 법인세 | G24: 2024.4Q | H24: =포괄손익계산서!B41/1000000 -> 9108.514
A25: KR0003 | B25: 롯데손보 | D25: 손해보험 | E25: =E24+1 -> 24 | F25: 당기순이익 | G25: 2024.4Q | H25: =H23-H24 -> 24221.395 | I25: =ROUND(H25,0)=ROUND(포괄손익계산서!B42/1000000,0) -> TRUE

Sheet 포괄손익계산서
B1: 제 80 기 | C1: 제 79 기 | D1: 제 78 기
A2: Ⅰ.보험손익 | B2: 177845259910 | C2: 461540038638 | D2: 152278406190
A3: 1.보험영업수익 | B3: 2024310764223 | C3: 1626337994363 | D3: 1565112476749 | F3: =B3=SUM(B4:B5) -> TRUE | G3: =C3=SUM(C4:C5) -> TRUE | H3: =D3=SUM(D4:D5) -> TRUE
A4: (1)보험수익 (주31) | B4: 1977217034653 | C4: 1645713805967 | D4: 1485670367000 | F4: =ROUND(B4/1000000,0)=SUM(보험손익!E2:E7) -> FALSE
A5: (2)재보험수익 (주31) | B5: 47093729570 | C5: -19375811604 | D5: 79442109749 | F5: =ROUND(B5/1000000,0)=SUM(보험손익!E17:E19) -> FALSE
A6: 2.보험영업비용 | B6: 1846465504313 | C6: 1164797955725 | D6: 1412834070559 | F6: =B6=SUM(B7:B9) -> TRUE
A7: (1)보험비용 (주31) | B7: 1678969075280 | C7: 993523643711 | D7: 1245389953649 | F7: =ROUND(B7/1000000,0)=SUM(보험손익!E7:E10) -> FALSE
A8: (2)재보험비용 (주31) | B8: 136273680895 | C8: 139464604088 | D8: 156058824512 | F8: =ROUND(B8/1000000,0)=SUM(보험손익!E11:E15) -> FALSE
A9: (3)기타사업비용 (주35) | B9: 31222748138 | C9: 31809707926 | D9: 11385292398
A10: Ⅱ.투자손익 | B10: -146783990983 | C10: -86105249856 | D10: -277408074637
A11: 1.투자영업수익 | B11: 1127206108512 | C11: 932755658705 | D11: 890139484021
A12: (1)보험금융수익 (주33) | B12: 13149994091 | C12: 7249805363 | D12: 22075115735
A13: (2)재보험금융수익 (주33) | B13: 10696729663 | C13: 12109094235 | D13: 14489672516
A14: (3)이자수익 | B14: 374442783877 | C14: 342539205517 | D14: 351525261678
A15: 유효이자율법 적용 이자수익 (주32,40) | B15: 338114995771 | C15: 298421742352 | D15: 280112910329
A16: 당기손익-공정가치측정금융자산 이자수익 (주32,40) | B16: 36327788106 | C16: 44117463165 | D16: 71412351349
A17: (4)배당금수익 (주40) | B17: 2531316521 | C17: 3693988464 | D17: 2468616908
A18: (5)당기손익-공정가치측정 금융자산관련 이익 (주34,40) | B18: 319495070920 | C18: 390853509610 | D18: 284415663464
A19: (6)기타포괄손익-공정가치측정 금융자산관련 이익 (주34,40) | B19: 81114455423 | C19: 4517752 | D19: 903969911
A20: (7)파생상품관련수익 (주34,40) | B20: 49462779572 | C20: 93923265905 | D20: 77457894758
... A57: Ⅸ.총포괄손익 | B57: -504428685786 | C57: 131138977713 | D57: 674323817319
A58: Ⅹ.주당이익
A59: 기본주당이익(손실) (단위 : 원) (주38) | B59: 68 | C59: 914 | D59: -331
A60: 희석주당이익(손실) (단위 : 원) (주38) | B60: 68 | C60: 914 | D60: -331

Sheet 보험손익
A1: 31. 보험손익 및 재보험손익
A3: 당기와 전기 중 보험손익 및 재보험손익의 구성내역은 다음과 같습니다.
A5: <제80(당)기>
A6: (단위: 백만원)
A7: 구 분 | B7: 장기 | C7: 일반 | D7: 자동차 | E7: 합 계
A8: 보험수익
A9: 일반모형 적용 보험수익 | B9: 1674680 | C9: - | D9: - | E9: 1674680
A10: 예상보험금 및 예상기타보험서비스비용 | B10: 1071239 | C10: - | D10: - | E10: 1071239
A11: 위험조정 변동 | B11: 27297 | C11: - | D11: - | E11: 27297
A12: 보험계약마진 상각 | B12: 225448 | C12: - | D12: - | E12: 225448
A13: 보험취득현금흐름 상각 | B13: 350696 | C13: - | D13: - | E13: 350696
A14: 보험료배분접근법 적용 보험수익 | B14: - | C14: 172363 | D14: 130174 | E14: 302537
A15: 총 보험수익 | B15: 1674680 | C15: 172363 | D15: 130174 | E15: 1977217
A16: 보험비용
A17: 발생보험금 및 기타서비스비용 | B17: 1068374 | C17: 102009 | D17: 138131 | E17: 1308514
A18: 보험취득현금흐름 상각 | B18: 350696 | C18: 18713 | D18: 21364 | E18: 390773
A19: 손실부담계약관련비용(환입) | B19: -4763 | C19: -7158 | D19: 1405 | E19: -10516
A20: 발생사고요소조정 | B20: 20771 | C20: -10086 | D20: -20487 | E20: -9802
A21: 총 보험비용 | B21: 1435078 | C21: 103478 | D21: 140413 | E21: 1678969
A22: 재보험수익
A23: 발생보험금 및 기타재보험수익 | B23: 48827 | C23: 27297 | D23: 5255 | E23: 81379
A24: 손실회수요소 관련 수익 | B24: -7001 | C24: -4590 | D24: -655 | E24: -12246
A25: 발생사고요소조정 | B25: -6092 | C25: -13484 | D25: -2463 | E25: -22039
A26: 총 재보험수익 | B26: 35734 | C26: 9223 | D26: 2137 | E26: 47094
A27: 재보험비용
A28: 일반모형 적용 재보험비용 | B28: 51803 | C28: - | D28: - | E28: 51803
A29: 회수예상 보험금 및 기타보험서비스비용 | B29: 47754 | C29: - | D29: - | E29: 47754
A30: 위험조정 변동 | B30: 1060 | C30: - | D30: - | E30: 1060
A31: 보험계약마진 상각 | B31: 2989 | C31: - | D31: - | E31: 2989
A32: 보험료배분접근법 적용 재보험비용 | B32: 551 | C32: 80912 | D32: 3008 | E32: 84471
A33: 총 재보험비용 | B33: 52354 | C33: 80912 | D33: 3008 | E33: 136274
E50: =SUM(E2:E7,E17:E19)-SUM(E8:E16)+SUM(#REF!) -> #REF!
