Workbook

Sheet Sheet2
A1: 원보험사코드 | B1: 원수사명 | C1: 티커 | D1: 생손보여부 | E1: 항목번호 | F1: 항목명 | G1: 공시분기 | H1: 값 | I1: 검증
A2: KR0001 | B2: 메리츠화재 | D2: 손해보험 | E2: 1 | F2: 보험손익 | G2: 2025.4Q | H2: =H3+H14+H15+H16-H17 -> 1426994.9 | I2: =ROUND(H2,0)=ROUND(포괄손익계산서!B2/1000000,0) -> TRUE
A3: KR0001 | B3: 메리츠화재 | D3: 손해보험 | E3: =E2+1 -> 2 | F3: 생명장기 손익 | G3: 2025.4Q | H3: =H4+H9 -> 1573297
A4: KR0001 | B4: 메리츠화재 | D4: 손해보험 | E4: =E3+1 -> 3 | F4: 생명장기 원수손익 | G4: 2025.4Q | H4: =SUM(부문별!B5:B10)-SUM(부문별!B14:B18) -> 1614188
A5: KR0001 | B5: 메리츠화재 | D5: 손해보험 | E5: =E4+1 -> 4 | F5: 원수 CSM상각 | G5: 2025.4Q | H5: =부문별!B7 -> 1167264
A6: KR0001 | B6: 메리츠화재 | D6: 손해보험 | E6: =E5+1 -> 5 | F6: 원수 위험조정 변동 | G6: 2025.4Q | H6: =부문별!B6 -> 181943
A7: KR0001 | B7: 메리츠화재 | D7: 손해보험 | E7: =E6+1 -> 6 | F7: 원수 예실차 | G7: 2025.4Q | H7: =부문별!B5-부문별!B14 -> -187506
A8: KR0001 | B8: 메리츠화재 | D8: 손해보험 | E8: =E7+1 -> 7 | F8: 기타 생명장기 원수손익 | G8: 2025.4Q | H8: =H4-SUM(H5:H7) -> 452487
A9: KR0001 | B9: 메리츠화재 | D9: 손해보험 | E9: =E8+1 -> 8 | F9: 생명장기 재보험손익 | G9: 2025.4Q | H9: =SUM(부문별!B22:B25)-SUM(부문별!B29:B33) -> -40891
A10: KR0001 | B10: 메리츠화재 | D10: 손해보험 | E10: =E9+1 -> 9 | F10: 재보험 CSM상각 | G10: 2025.4Q | H10: =-부문별!B31 -> -34966
A11: KR0001 | B11: 메리츠화재 | D11: 손해보험 | E11: =E10+1 -> 10 | F11: 재보험 위험조정 변동 | G11: 2025.4Q | H11: =-부문별!B30 -> -8699
A12: KR0001 | B12: 메리츠화재 | D12: 손해보험 | E12: =E11+1 -> 11 | F12: 재보험 예실차 | G12: 2025.4Q | H12: =-부문별!B29+부문별!B22 -> 51886
A13: KR0001 | B13: 메리츠화재 | D13: 손해보험 | E13: =E12+1 -> 12 | F13: 기타 생명장기 재보험손익 | G13: 2025.4Q | H13: =H9-SUM(H10:H12) -> -49112
A14: KR0001 | B14: 메리츠화재 | D14: 손해보험 | E14: =E13+1 -> 13 | F14: 자동차손익 | G14: 2025.4Q | H14: =부문별!D35 -> -46324
A15: KR0001 | B15: 메리츠화재 | D15: 손해보험 | E15: =E14+1 -> 14 | F15: 일반손익 | G15: 2025.4Q | H15: =부문별!C35+부문별!E35 -> 33482
A16: KR0001 | B16: 메리츠화재 | D16: 손해보험 | E16: =E15+1 -> 15 | F16: 기타영업수익 | G16: 2025.4Q | H16: 0
A17: KR0001 | B17: 메리츠화재 | D17: 손해보험 | E17: =E16+1 -> 16 | F17: 기타사업비용 | G17: 2025.4Q | H17: =포괄손익계산서!B9/1000000 -> 133460.08
A18: KR0001 | B18: 메리츠화재 | D18: 손해보험 | E18: =E17+1 -> 17 | F18: 투자손익 | G18: 2025.4Q | H18: =포괄손익계산서!B10/1000000 -> 859525.27
A19: KR0001 | B19: 메리츠화재 | D19: 손해보험 | E19: =E18+1 -> 18 | F19: 투자이익 | G19: 2025.4Q | H19: =H18-H20 -> 1501195.6
A20: KR0001 | B20: 메리츠화재 | D20: 손해보험 | E20: =E19+1 -> 19 | F20: 보험금융손익 | G20: 2025.4Q | H20: =(포괄손익계산서!B12-포괄손익계산서!B19)/1000000 -> -641670.3
A21: KR0001 | B21: 메리츠화재 | D21: 손해보험 | E21: =E20+1 -> 20 | F21: 영업이익 | G21: 2025.4Q | H21: =H2+H18 -> 2286520.2 | I21: =ROUND(H21,0)=ROUND(포괄손익계산서!B24/1000000,0) -> TRUE
A22: KR0001 | B22: 메리츠화재 | D22: 손해보험 | E22: =E21+1 -> 21 | F22: 영업외손익 | G22: 2025.4Q | H22: =포괄손익계산서!B25/1000000 -> 23476.184
A23: KR0001 | B23: 메리츠화재 | D23: 손해보험 | E23: =E22+1 -> 22 | F23: 세전이익 | G23: 2025.4Q | H23: =H21+H22 -> 2309996.4 | I23: =ROUND(H23,0)=ROUND(포괄손익계산서!B28/1000000,0) -> TRUE
A24: KR0001 | B24: 메리츠화재 | D24: 손해보험 | E24: =E23+1 -> 23 | F24: 법인세 | G24: 2025.4Q | H24: =포괄손익계산서!B29/1000000 -> 617129.29 | I24: =ROUND(H24,0)=ROUND(포괄손익계산서!B29/1000000,0) -> TRUE
A25: KR0001 | B25: 메리츠화재 | D25: 손해보험 | E25: =E24+1 -> 24 | F25: 당기순이익 | G25: 2025.4Q | H25: =H23-H24 -> 1692867.1 | I25: =ROUND(H25,0)=ROUND(포괄손익계산서!B30/1000000,0) -> TRUE

Sheet 부문별
A1: 구 분 | B1: 국내 | E1: 해외 | F1: 합 계
B2: 장기 | C2: 일반 | D2: 자동차
A3: 보험수익
A4: 보험료배분접근법 미적용 계약 보험수익 | B4: 7400884 | C4: - | D4: - | E4: - | F4: 7400884
A5: 예상보험금 및 보험서비스비용 | B5: 5125633 | C5: - | D5: - | E5: - | F5: 5125633 | I5: =B5-B14 -> -187506
A6: 위험해제에 따른 위험조정 변동 | B6: 181943 | C6: - | D6: - | E6: - | F6: 181943
A7: 당기손익으로 인식한 보험계약마진 금액 | B7: 1167264 | C7: - | D7: - | E7: - | F7: 1167264
A8: 그 밖의 금액 | B8: 1457 | C8: - | D8: - | E8: - | F8: 1457
A9: 보험취득현금흐름의 회수 | B9: 924587 | C9: - | D9: - | E9: - | F9: 924587
A10: 보험료배분접근법 적용 계약 보험수익 | B10: - | C10: 965791 | D10: 743309 | E10: 28061 | F10: 1737161
A11: 총 보험수익 | B11: 7400884 | C11: 965791 | D11: 743309 | E11: 28061 | F11: 9138045
A12: 보험서비스비용
A13: 보험료배분접근법 미적용 계약 보험서비스비용 | B13: 5786696 | C13: - | D13: - | E13: - | F13: 5786696
A14: 보험금 및 보험서비스비용 | B14: 5313139 | C14: - | D14: - | E14: - | F14: 5313139
A15: 보험취득현금흐름 | B15: 924587 | C15: - | D15: - | E15: - | F15: 924587
A16: 발생사고 이행현금흐름 변동분 | B16: -174512 | C16: - | D16: - | E16: - | F16: -174512
A17: 손실부담계약의 손실 및 환입 | B17: -276518 | C17: - | D17: - | E17: - | F17: -276518
A18: 보험료배분접근법 적용 계약 보험서비스비용 | B18: - | C18: 768039 | D18: 791510 | E18: 13355 | F18: 1572904
A19: 총 보험서비스비용 | B19: 5786696 | C19: 768039 | D19: 791510 | E19: 13355 | F19: 7359600
A20: 재보험수익
A21: 보험료배분접근법 미적용 계약 재보험수익 | B21: 247803 | C21: - | D21: - | E21: - | F21: 247803 | I21: =B21-B28 -> -42505
A22: 회수가능 보험금 및 보험서비스비용 | B22: 317661 | C22: - | D22: - | E22: - | F22: 317661 | I22: =B22-B29 -> 51886
A23: 발생사고 이행현금흐름 변동분 | B23: -58920 | C23: - | D23: - | E23: - | F23: -58920
A24: 손실회수요소의 인식 및 환입 | B24: -10938 | C24: - | D24: - | E24: - | F24: -10938
A25: 보험료배분접근법 적용 계약 재보험수익 | B25: 2376 | C25: 176787 | D25: 5104 | E25: 8892 | F25: 193159 | I25: =B25-B33 -> 1614
A26: 총 재보험수익 | B26: 250179 | C26: 176787 | D26: 5104 | E26: 8892 | F26: 440962
A27: 재보험비용
A28: 보험료배분접근법 미적용 계약 재보험비용 | B28: 290308 | C28: - | D28: - | E28: - | F28: 290308
A29: 회수예상 보험금 및 보험서비스비용 | B29: 265775 | C29: - | D29: - | E29: - | F29: 265775
A30: 위험해제에 따른 위험조정 변동 | B30: 8699 | C30: - | D30: - | E30: - | F30: 8699
A31: 당기손익으로 인식한 보험계약마진 금액 | B31: 34966 | C31: - | D31: - | E31: - | F31: 34966
A32: 그 밖의 금액 | B32: -19132 | C32: - | D32: - | E32: - | F32: -19132
A33: 보험료배분접근법 적용 계약 재보험비용 | B33: 762 | C33: 338392 | D33: 3227 | E33: 26263 | F33: 368644
A34: 총 재보험비용 | B34: 291070 | C34: 338392 | D34: 3227 | E34: 26263 | F34: 658952
A35: 총 보험서비스결과 | B35: 1573297 | C35: 36147 | D35: -46324 | E35: -2665 | F35: 1560455

Sheet 포괄손익계산서
B1: 제 105 기 | C1: 제 104 기 | D1: 제 103 기
A2: 보험손익 | B2: 1426994645423 | C2: 1533621761264 | D2: 1498804722569
A3: 보험영업수익 | B3: 9579006416927 | C3: 9005381295057 | D3: 8708861033640
A4: 보험수익 | B4: 9138044575300 | C4: 8732407363966 | D4: 8370464810917
A5: 재보험수익 | B5: 440961841627 | C5: 272973931091 | D5: 338396222723
A6: 보험서비스비용 | B6: 8152011771504 | C6: 7471759533793 | D6: 7210056311071
A7: 보험비용 | B7: 7359599723954 | C7: 6721407590568 | D7: 6217610050418
A8: 재보험비용 | B8: 658951967185 | C8: 593294922438 | D8: 726081922453
A9: 기타사업비용 | B9: 133460080365 | C9: 157057020787 | D9: 266364338200
A10: 투자손익 | B10: 859525270374 | C10: 763672000222 | D10: 609207104384
A11: 투자영업수익 | B11: 2788821469774 | C11: 2647781954156 | D11: 2224640951710
A12: 재보험금융수익 | B12: 33567916331 | C12: 27919351787 | D12: 25932864124
A13: 이자수익 | B13: 1706153719273 | C13: 1729617449139 | D13: 1494236385921
... A33: 해약환급금준비금 반영후 조정이익 | B33: 509389757205 | C33: 951701360396 | D33: 535906964104
A34: 당기순이익(손실)의 귀속
A35: 지배기업의 소유주에게 귀속되는 당기순이익 | B35: 1691460204813 | C35: 1713148278431 | D35: 1566328317547
A36: 비지배지분에 귀속되는 당기순이익 | B36: 1406605323 | C36: 387526643 | D36: 833550982
A37: 기타포괄손익 | B37: -589588251367 | C37: -647568160110 | D37: 253869061251
A38: 당기손익으로 재분류되지 않는 세후기타포괄손익의 구성요소 | B38: 4878597673 | C38: 103295587594 | D38: 23058139025
A39: 확정급여제도의재측정요소 | B39: -545390839 | C39: -9757772254 | D39: -9227860641
A40: 재평가잉여금 | B40: -5697561799 | C40: 87148058846 | D40: 0
A41: 기타포괄손익-공정가치측정유가증권평가손익 | B41: 11121550311 | C41: 25905301002 | D41: 32285999666
A42: 당기손익으로 재분류되는 세후기타포괄손익의 구성요소 | B42: -594466849040 | C42: -750863747704 | D42: 230810922226
A43: 보험계약자산(부채)순금융손익 | B43: 736604164917 | C43: -1690940215782 | D43: -1263324514720
A44: 재보험계약자산(부채)순금융손익 | B44: -52956074027 | C44: 45160141473 | D44: 85457738393
A45: 기타포괄손익-공정가치측정금융자산관련손익 | B45: -878082483130 | C45: 642744514718 | D45: 1056331813672
A46: 기타포괄손익-공정가치측정 신용손실 | B46: -9539692451 | C46: 74408922564 | D46: 54656167178
... A49: 총포괄손익 | B49: 1103278558769 | C49: 1065967644964 | D49: 1821030929780
A50: 당기포괄손익의 귀속
A51: 지배기업의 소유주에게 귀속되는 당기총포괄손익 | B51: 1102715004886 | C51: 1064450986230 | D51: 1819825663011
A52: 비지배지분에 귀속되는 당기총포괄손익 | B52: 563553883 | C52: 1516658734 | D52: 1205266769
A53: 주당이익
A54: 보통주기본주당이익(손실) (단위 : 원) | B54: 16091 | C54: 16296 | D54: 14892
A55: 보통주희석주당이익(손실) (단위 : 원) | B55: 16091 | C55: 16296 | D55: 14892
