Workbook

Sheet Sheet1
A1: 원보험사코드 | B1: 원수사명 | C1: 티커 | D1: 생손보여부 | E1: 항목번호 | F1: 항목명 | G1: 공시분기 | H1: 값 | I1: 검증
A2: KR0011 | B2: DB손보 | D2: 손해보험 | E2: 1 | F2: 보험손익 | G2: 2025.2Q | H2: =H3+H14+H15+H16-H17 -> 670412 | I2: =ABS(ROUND(H2,0)-670411)<2 -> TRUE
A3: KR0011 | B3: DB손보 | D3: 손해보험 | E3: =E2+1 -> 2 | F3: 생명장기 손익 | G3: 2025.2Q | H3: =H4+H9 -> 695224
A4: KR0011 | B4: DB손보 | D4: 손해보험 | E4: =E3+1 -> 3 | F4: 생명장기 원수손익 | G4: 2025.2Q | H4: =보험손익!C22-보험손익!C55 -> 697862
A5: KR0011 | B5: DB손보 | D5: 손해보험 | E5: =E4+1 -> 4 | F5: 원수 CSM상각 | G5: 2025.2Q | H5: =보험손익!C20 -> 648936
A6: KR0011 | B6: DB손보 | D6: 손해보험 | E6: =E5+1 -> 5 | F6: 원수 위험조정 변동 | G6: 2025.2Q | H6: =보험손익!C19 -> 76237
A7: KR0011 | B7: DB손보 | D7: 손해보험 | E7: =E6+1 -> 6 | F7: 원수 예실차 | G7: 2025.2Q | H7: =보험손익!C14+보험손익!C16+보험손익!C17+보험손익!C18-보험손익!C44-보험손익!C47-보험손익!C48-보험손익!C49 -> 54770
A8: KR0011 | B8: DB손보 | D8: 손해보험 | E8: =E7+1 -> 7 | F8: 기타 생명장기 원수손익 | G8: 2025.2Q | H8: =H4-SUM(H5:H7) -> -82081
A9: KR0011 | B9: DB손보 | D9: 손해보험 | E9: =E8+1 -> 8 | F9: 생명장기 재보험손익 | G9: 2025.2Q | H9: =보험손익!C83-보험손익!C100 -> -2638
A10: KR0011 | B10: DB손보 | D10: 손해보험 | E10: =E9+1 -> 9 | F10: 재보험 CSM상각 | G10: 2025.2Q | H10: =-보험손익!C97 -> 1413
A11: KR0011 | B11: DB손보 | D11: 손해보험 | E11: =E10+1 -> 10 | F11: 재보험 위험조정 변동 | G11: 2025.2Q | H11: =-보험손익!C96 -> -2093
A12: KR0011 | B12: DB손보 | D12: 손해보험 | E12: =E11+1 -> 11 | F12: 재보험 예실차 | G12: 2025.2Q | H12: =보험손익!C77+보험손익!C78-보험손익!C94-보험손익!C95 -> -45549
A13: KR0011 | B13: DB손보 | D13: 손해보험 | E13: =E12+1 -> 12 | F13: 기타 생명장기 재보험손익 | G13: 2025.2Q | H13: =H9-SUM(H10:H12) -> 43591
A14: KR0011 | B14: DB손보 | D14: 손해보험 | E14: =E13+1 -> 13 | F14: 자동차손익 | G14: 2025.2Q | H14: =보험손익!O22+보험손익!AG22-보험손익!G55-보험손익!O55+보험손익!G83-보험손익!O100 -> 90130
A15: KR0011 | B15: DB손보 | D15: 손해보험 | E15: =E14+1 -> 14 | F15: 일반손익 | G15: 2025.2Q | H15: =보험손익!M22+보험손익!AE22-보험손익!E55-보험손익!M55+보험손익!E83-보험손익!M100 -> -48510
A16: KR0011 | B16: DB손보 | D16: 손해보험 | E16: =E15+1 -> 15 | F16: 기타영업수익 | G16: 2025.2Q
A17: KR0011 | B17: DB손보 | D17: 손해보험 | E17: =E16+1 -> 16 | F17: 기타사업비용 | G17: 2025.2Q | H17: 66432
A18: KR0011 | B18: DB손보 | D18: 손해보험 | E18: =E17+1 -> 17 | F18: 투자손익 | G18: 2025.2Q
A19: KR0011 | B19: DB손보 | D19: 손해보험 | E19: =E18+1 -> 18 | F19: 투자이익 | G19: 2025.2Q
A20: KR0011 | B20: DB손보 | D20: 손해보험 | E20: =E19+1 -> 19 | F20: 보험금융손익 | G20: 2025.2Q
A21: KR0011 | B21: DB손보 | D21: 손해보험 | E21: =E20+1 -> 20 | F21: 영업이익 | G21: 2025.2Q
A22: KR0011 | B22: DB손보 | D22: 손해보험 | E22: =E21+1 -> 21 | F22: 영업외손익 | G22: 2025.2Q
A23: KR0011 | B23: DB손보 | D23: 손해보험 | E23: =E22+1 -> 22 | F23: 세전이익 | G23: 2025.2Q
A24: KR0011 | B24: DB손보 | D24: 손해보험 | E24: =E23+1 -> 23 | F24: 법인세 | G24: 2025.2Q
A25: KR0011 | B25: DB손보 | D25: 손해보험 | E25: =E24+1 -> 24 | F25: 당기순이익 | G25: 2025.2Q

Sheet 보험손익
A1: 5. 보험수익 및 비용
A3: 발행보험의 보험수익 분석 공시
A4: 발행보험의 보험수익 분석 공시
A5: 당반기 | B5: (단위 : 백만원)
B6: 보험계약의 세분
B7: 발행한 보험계약
B8: 원수보험 | T8: 수재보험
B9: 보험계약 | R9: 보험계약 합계 | T9: 보험계약 | AJ9: 보험계약 합계
B10: 보험료배분접근법을 적용한 보험계약 외의 보험계약 | J10: 보험료배분접근법을 적용한 보험계약 | T10: 보험료배분접근법을 적용한 보험계약 외의 보험계약 | AB10: 보험료배분접근법을 적용한 보험계약
B11: 계약의 유형 | H11: 계약의 유형 합계 | J11: 계약의 유형 | P11: 계약의 유형 합계 | T11: 계약의 유형 | Z11: 계약의 유형 합계 | AB11: 계약의 유형 | AH11: 계약의 유형 합계
B12: 장기보험 | D12: 일반보험 | F12: 자동차보험 | J12: 장기보험 | L12: 일반보험 | N12: 자동차보험 | T12: 장기보험 | V12: 일반보험 | X12: 자동차보험 | AB12: 장기보험 | AD12: 일반보험 | AF12: 자동차보험
B13: 3개월 | C13: 누적 | D13: 3개월 | E13: 누적 | F13: 3개월 | G13: 누적 | H13: 3개월 | I13: 누적 | J13: 3개월 | K13: 누적 | L13: 3개월 | M13: 누적 | N13: 3개월 | O13: 누적 | P13: 3개월 | Q13: 누적 | R13: 3개월 | S13: 누적 | T13: 3개월 | U13: 누적 | V13: 3개월 | W13: 누적 | X13: 3개월 | Y13: 누적 | Z13: 3개월 | AA13: 누적 | AB13: 3개월 | AC13: 누적 | AD13: 3개월 | AE13: 누적 | AF13: 3개월 | AG13: 누적 | AH13: 3개월 | AI13: 누적 | AJ13: 3개월 | AK13: 누적
A14: 보험수익, 예상 보험금 (기초 예상 측정치) | B14: 1259901 | C14: 2510535 | D14: 0 | E14: 0 | F14: 0 | G14: 0 | R14: 1259901 | S14: 2510535
A15: 보험수익, 보험취득 현금흐름의 회수와 관련되는 보험료 부분의 배분액 | B15: 419663 | C15: 868276 | D15: 0 | E15: 0 | F15: 0 | G15: 0 | R15: 419663 | S15: 868276
A16: 보험수익, 예상 유지비 (기초 예상 측정치) | B16: 116325 | C16: 230991 | D16: 0 | E16: 0 | F16: 0 | G16: 0 | R16: 116325 | S16: 230991
A17: 보험수익, 예상 손해조사비 (기초 예상 측정치) | B17: 52804 | C17: 105766 | D17: 0 | E17: 0 | F17: 0 | G17: 0 | R17: 52804 | S17: 105766
A18: 보험수익, 예상 투자관리비 (기초 예상 측정치) | B18: 4226 | C18: 8415 | D18: 0 | E18: 0 | F18: 0 | G18: 0 | R18: 4226 | S18: 8415
A19: 보험수익, 비금융위험에 대한 위험조정의 변동분 | B19: 38192 | C19: 76237 | D19: 0 | E19: 0 | F19: 0 | G19: 0 | R19: 38192 | S19: 76237
A20: 보험수익, 서비스의 이전으로 당기손익에 인식한 보험계약마진 | B20: 326342 | C20: 648936 | D20: 0 | E20: 0 | F20: 0 | G20: 0 | R20: 326342 | S20: 648936
A21: 보험수익에 배분된 손실요소 | B21: -26933 | C21: -54674 | D21: 0 | E21: 0 | F21: 0 | G21: 0 | R21: -26933 | S21: -54674
A22: 보험수익 | B22: 2190520 | C22: 4394482 | D22: 0 | E22: 0 | F22: 0 | G22: 0 | H22: 0 | I22: 0 | J22: 0 | K22: 0 | L22: 547697 | M22: 1081536 | N22: 1019505 | O22: 2029860 | P22: 1567202 | Q22: 3111396 | R22: 3757722 | S22: 7505878 | AB22: 0 | AC22: 0 | AD22: 22147 | AE22: 50913 | AF22: 0 | AG22: 0 | AH22: 22147 | AI22: 50913 | AJ22: 22147 | AK22: 50913
A24: 발행보험의 보험수익 분석 공시, 합계 | C24: =C20-C97 -> 650349
A26: 발행보험의 보험수익 분석 공시, 합계
A27: 당반기 | B27: (단위 : 백만원)
B28: 보험계약의 세분
B29: 발행한 보험계약
B30: 계약의 유형 | H30: 계약의 유형 합계
B31: 장기보험 | D31: 일반보험 | F31: 자동차보험
B32: 3개월 | C32: 누적 | D32: 3개월 | E32: 누적 | F32: 3개월 | G32: 누적 | H32: 3개월 | I32: 누적
A33: 보험수익 | B33: 2190520 | C33: 4394482 | D33: 569844 | E33: 1132449 | F33: 1019505 | G33: 2029860 | H33: 3779869 | I33: 7556791
A36: 발행보험의 보험서비스비용 분석 공시
A37: 당반기 | B37: (단위 : 백만원)
B38: 보험계약의 세분
B39: 발행한 보험계약
B40: 원수보험 | J40: 수재보험
B41: 계약의 유형 | H41: 계약의 유형 합계 | J41: 계약의 유형 | P41: 계약의 유형 합계
B42: 장기보험 | D42: 일반보험 | F42: 자동차보험 | J42: 장기보험 | L42: 일반보험 | N42: 자동차보험
B43: 3개월 | C43: 누적 | D43: 3개월 | E43: 누적 | F43: 3개월 | G43: 누적 | H43: 3개월 | I43: 누적 | J43: 3개월 | K43: 누적 | L43: 3개월 | M43: 누적 | N43: 3개월 | O43: 누적 | P43: 3개월 | Q43: 누적
A44: 보험서비스비용, 발생한 보험금 | B44: 1218692 | C44: 2443900 | D44: 537762 | E44: 848129 | F44: 758839 | G44: 1499937 | H44: 2515293 | I44: 4791966 | J44: 0 | K44: 0 | L44: 106937 | M44: 224089 | N44: 0 | O44: 0 | P44: 106937 | Q44: 224089
A45: 보험취득현금흐름상각 | B45: 419663 | C45: 868276 | D45: 102139 | E45: 210228 | F45: 0 | G45: 0 | H45: 521802 | I45: 1078504
A46: 보험인수현금흐름 | B46: 0 | C46: 0 | D46: 559 | E46: 1078 | F46: 108809 | G46: 217528 | H46: 109368 | I46: 218606
A47: 보험서비스비용, 발생한 유지비 | B47: 120452 | C47: 238343 | D47: 16455 | E47: 38048 | F47: 38283 | G47: 75331 | H47: 175190 | I47: 351722 | J47: 0 | K47: 0 | L47: 31 | M47: 67 | N47: 0 | O47: 0 | P47: 31 | Q47: 67
A48: 보험서비스비용, 발생한 손해조사비 | B48: 51891 | C48: 108428 | D48: 59039 | E48: 106264 | F48: 73598 | G48: 147141 | H48: 184528 | I48: 361833 | J48: 0 | K48: 0 | L48: 191 | M48: 514 | N48: 0 | O48: 0 | P48: 191 | Q48: 514
A49: 보험서비스비용, 발생한 투자관리비 | B49: 4202 | C49: 10266 | D49: 0 | E49: 0 | F49: 0 | G49: 0 | H49: 4202 | I49: 10266
A50: 보험서비스비용, 이익수수료 | J50: 0 | K50: 0 | L50: -140 | M50: 72 | N50: 0 | O50: 0 | P50: -140 | Q50: 72
A51: 손실부담계약의 손실인식(환입) | B51: 36190 | C51: -13642 | D51: -1400 | E51: -877 | F51: 0 | G51: -293 | H51: 34790 | I51: -14812 | J51: 0 | K51: 0 | L51: -7 | M51: -21 | N51: 0 | O51: 0 | P51: -7 | Q51: -21
A52: 발생사고부채 조정 | B52: 109252 | C52: 116917 | D52: -34083 | E52: 12193 | F52: -789 | G52: -4135 | H52: 74380 | I52: 124975 | J52: 0 | K52: 0 | L52: -80087 | M52: -172682 | N52: 0 | O52: 0 | P52: -80087 | Q52: -172682
A53: 보험비용에 배분된 손실요소 | B53: -26933 | C53: -54674 | D53: 0 | E53: 0 | F53: 0 | G53: 0 | H53: -26933 | I53: -54674
A54: 보험서비스비용, 보험취득 현금흐름 경험조정 | B54: -15771 | C54: -21194 | D54: 0 | E54: 0 | F54: 0 | G54: 0 | H54: -15771 | I54: -21194
A55: 발행한 보험계약에서 생기는 보험서비스비용 | B55: 1917638 | C55: 3696620 | D55: 680471 | E55: 1215063 | F55: 978740 | G55: 1935509 | H55: 3576849 | I55: 6847192 | J55: 0 | K55: 0 | L55: 26925 | M55: 52039 | N55: 0 | O55: 0 | P55: 26925 | Q55: 52039
A57: 발행보험의 보험서비스비용 분석 공시, 합계
A59: 발행보험의 보험서비스비용 분석 공시, 합계
A60: 당반기 | B60: (단위 : 백만원)
B61: 보험계약의 세분
B62: 발행한 보험계약
B63: 계약의 유형 | H63: 계약의 유형 합계
B64: 장기보험 | D64: 일반보험 | F64: 자동차보험
B65: 3개월 | C65: 누적 | D65: 3개월 | E65: 누적 | F65: 3개월 | G65: 누적 | H65: 3개월 | I65: 누적
A66: 보험비용 | B66: 1917638 | C66: 3696620 | D66: 707396 | E66: 1267102 | F66: 978740 | G66: 1935509 | H66: 3603774 | I66: 6899231
A68: 6. 재보험수익 및 비용
A70: 재보험비용의 보험서비스비용 분석 공시
A71: 당반기 | B71: (단위 : 백만원)
B72: 보험계약의 세분
B73: 보유 재보험계약
B74: 계약의 유형 | H74: 계약의 유형 합계
B75: 장기보험 | D75: 일반보험 | F75: 자동차보험
B76: 3개월 | C76: 누적 | D76: 3개월 | E76: 누적 | F76: 3개월 | G76: 누적 | H76: 3개월 | I76: 누적
A77: 재보험수익, 발생한 보험금 | B77: 18293 | C77: 33210 | D77: 310952 | E77: 395477 | F77: -56 | G77: 96 | H77: 329189 | I77: 428783
A78: 재보험수익, 발생한 손해조사비 | B78: 2044 | C78: 4103 | D78: 9790 | E78: 15430 | F78: 0 | G78: 0 | H78: 11834 | I78: 19533
A79: 손실회수요소 인식(환입) | B79: 1026 | C79: -2424 | D79: -500 | E79: -349 | F79: 0 | G79: 0 | H79: 526 | I79: -2773
A80: 발생사고자산 조정 | B80: 26945 | C80: 41154 | D80: -13399 | E80: 50536 | F80: 46 | G80: 79 | H80: 13592 | I80: 91769
A81: 재보험수익에 배분된 손실회수요소 | B81: -23 | C81: -61 | D81: 0 | E81: 0 | F81: 0 | G81: 0 | H81: -23 | I81: -61
A82: 재보험수익, 기타 | B82: 7429 | C82: 15850 | D82: 0 | E82: 0 | F82: 0 | G82: 0 | H82: 7429 | I82: 15850
A83: 재보험자에게서 회수한 금액에서 생기는 수익 | B83: 55714 | C83: 91832 | D83: 306843 | E83: 461094 | F83: -10 | G83: 175 | H83: 362547 | I83: 553101
A85: 재보험비용 분석 공시
A86: 당반기 | B86: (단위 : 백만원)
B87: 보험계약의 세분
B88: 보유 재보험계약
B89: 보험계약 | R89: 보험계약 합계
B90: 보험료배분접근법을 적용한 보험계약 외의 보험계약 | J90: 보험료배분접근법을 적용한 보험계약
B91: 계약의 유형 | H91: 계약의 유형 합계 | J91: 계약의 유형 | P91: 계약의 유형 합계
B92: 장기보험 | D92: 일반보험 | F92: 자동차보험 | J92: 장기보험 | L92: 일반보험 | N92: 자동차보험
B93: 3개월 | C93: 누적 | D93: 3개월 | E93: 누적 | F93: 3개월 | G93: 누적 | H93: 3개월 | I93: 누적 | J93: 3개월 | K93: 누적 | L93: 3개월 | M93: 누적 | N93: 3개월 | O93: 누적 | P93: 3개월 | Q93: 누적 | R93: 3개월 | S93: 누적
A94: 재보험비용, 예상 보험금 (기초 예상 측정치) | B94: 38316 | C94: 74617 | D94: 0 | E94: 0 | F94: 0 | G94: 0 | H94: 38316 | I94: 74617 | R94: 38316 | S94: 74617
A95: 재보험비용, 예상 기타 보험서비스비용 (기초 예상 측정치) | B95: 4129 | C95: 8245 | D95: 0 | E95: 0 | F95: 0 | G95: 0 | H95: 4129 | I95: 8245 | R95: 4129 | S95: 8245
A96: 재보험비용, 비금융위험에 대한 위험조정의 변동분 | B96: 1068 | C96: 2093 | D96: 0 | E96: 0 | F96: 0 | G96: 0 | H96: 1068 | I96: 2093 | R96: 1068 | S96: 2093
A97: 재보험비용, 서비스의 이전으로 당기손익에 인식한 보험계약마진 | B97: -541 | C97: -1413 | D97: 0 | E97: 0 | F97: 0 | G97: 0 | H97: -541 | I97: -1413 | R97: -541 | S97: -1413
A98: 재보험비용에 배분된 손실회수요소 | B98: -23 | C98: -61 | D98: 0 | E98: 0 | F98: 0 | G98: 0 | H98: -23 | I98: -61 | R98: -23 | S98: -61
A99: 재보험비용, 그 밖의 금액 | B99: 6166 | C99: 10989 | D99: 0 | E99: 0 | F99: 0 | G99: 0 | H99: 6166 | I99: 10989 | R99: 6166 | S99: 10989
A100: 재보험자에게 지급된 보험료 배분액에서 생기는 비용 | B100: 49115 | C100: 94470 | D100: 0 | E100: 0 | F100: 0 | G100: 0 | H100: 49115 | I100: 94470 | J100: 0 | K100: 0 | L100: 185699 | M100: 374951 | N100: 2712 | O100: 4396 | P100: 188411 | Q100: 379347 | R100: 237526 | S100: 473817
