Workbook

Sheet Sheet1
A1: 원보험사코드 | B1: 원수사명 | C1: 티커 | D1: 생손보여부 | E1: 항목번호 | F1: 항목명 | G1: 공시분기 | H1: 값 | I1: 검증
A2: KR0010 | B2: KB손보 | D2: 손해보험 | E2: 1 | F2: 보험손익 | G2: 2025.2Q | H2: =H3+H14+H15+H16-H17 -> 500997 | I2: =ABS(ROUND(H2,0)-ROUND(포괄손익계산서!C8,0))<2 -> TRUE
A3: KR0010 | B3: KB손보 | D3: 손해보험 | E3: =E2+1 -> 2 | F3: 생명장기 손익 | G3: 2025.2Q | H3: =H4+H9 -> 486097
A4: KR0010 | B4: KB손보 | D4: 손해보험 | E4: =E3+1 -> 3 | F4: 생명장기 원수손익 | G4: 2025.2Q | H4: =보험손익!G15+보험손익!G21 -> 489215
A5: KR0010 | B5: KB손보 | D5: 손해보험 | E5: =E4+1 -> 4 | F5: 원수 CSM상각 | G5: 2025.2Q | H5: =보험손익!G11 -> 423962
A6: KR0010 | B6: KB손보 | D6: 손해보험 | E6: =E5+1 -> 5 | F6: 원수 위험조정 변동 | G6: 2025.2Q | H6: =보험손익!G10 -> 100970
A7: KR0010 | B7: KB손보 | D7: 손해보험 | E7: =E6+1 -> 6 | F7: 원수 예실차 | G7: 2025.2Q | H7: =보험손익!G9+보험손익!G17 -> -91459
A8: KR0010 | B8: KB손보 | D8: 손해보험 | E8: =E7+1 -> 7 | F8: 기타 생명장기 원수손익 | G8: 2025.2Q | H8: =H4-SUM(H5:H7) -> 55742
A9: KR0010 | B9: KB손보 | D9: 손해보험 | E9: =E8+1 -> 8 | F9: 생명장기 재보험손익 | G9: 2025.2Q | H9: =보험손익!G26+보험손익!G35 -> -3118
A10: KR0010 | B10: KB손보 | D10: 손해보험 | E10: =E9+1 -> 9 | F10: 재보험 CSM상각 | G10: 2025.2Q | H10: =보험손익!G31 -> -1538
A11: KR0010 | B11: KB손보 | D11: 손해보험 | E11: =E10+1 -> 10 | F11: 재보험 위험조정 변동 | G11: 2025.2Q | H11: =보험손익!G30 -> -4377
A12: KR0010 | B12: KB손보 | D12: 손해보험 | E12: =E11+1 -> 11 | F12: 재보험 예실차 | G12: 2025.2Q | H12: =보험손익!G23+보험손익!G29 -> 4213
A13: KR0010 | B13: KB손보 | D13: 손해보험 | E13: =E12+1 -> 12 | F13: 기타 생명장기 재보험손익 | G13: 2025.2Q | H13: =H9-SUM(H10:H12) -> -1416
A14: KR0010 | B14: KB손보 | D14: 손해보험 | E14: =E13+1 -> 13 | F14: 자동차손익 | G14: 2025.2Q | H14: =보험손익!I36 -> 8562
A15: KR0010 | B15: KB손보 | D15: 손해보험 | E15: =E14+1 -> 14 | F15: 일반손익 | G15: 2025.2Q | H15: =보험손익!H36+보험손익!J36 -> 6338
A16: KR0010 | B16: KB손보 | D16: 손해보험 | E16: =E15+1 -> 15 | F16: 기타영업수익 | G16: 2025.2Q
A17: KR0010 | B17: KB손보 | D17: 손해보험 | E17: =E16+1 -> 16 | F17: 기타사업비용 | G17: 2025.2Q | I17: <- KB는 기타사업비용도 부문별로 다 나뉜채로 나옴
A18: KR0010 | B18: KB손보 | D18: 손해보험 | E18: =E17+1 -> 17 | F18: 투자손익 | G18: 2025.2Q | H18: =포괄손익계산서!C16 -> 262261
A19: KR0010 | B19: KB손보 | D19: 손해보험 | E19: =E18+1 -> 18 | F19: 투자이익 | G19: 2025.2Q | H19: =H18-H20 -> 437797
A20: KR0010 | B20: KB손보 | D20: 손해보험 | E20: =E19+1 -> 19 | F20: 보험금융손익 | G20: 2025.2Q | H20: =포괄손익계산서!B18+포괄손익계산서!B19-포괄손익계산서!B29-포괄손익계산서!B30 -> -175536
A21: KR0010 | B21: KB손보 | D21: 손해보험 | E21: =E20+1 -> 20 | F21: 영업이익 | G21: 2025.2Q | H21: =H2+H18 -> 763258 | I21: =ABS(ROUND(H21,0)-ROUND(포괄손익계산서!C40,0))<2 -> TRUE
A22: KR0010 | B22: KB손보 | D22: 손해보험 | E22: =E21+1 -> 21 | F22: 영업외손익 | G22: 2025.2Q | H22: =포괄손익계산서!C41 -> 1008
A23: KR0010 | B23: KB손보 | D23: 손해보험 | E23: =E22+1 -> 22 | F23: 세전이익 | G23: 2025.2Q | H23: =H21+H22 -> 764266 | I23: =ABS(ROUND(H23,0)-ROUND(포괄손익계산서!C44,0))<2 -> TRUE
A24: KR0010 | B24: KB손보 | D24: 손해보험 | E24: =E23+1 -> 23 | F24: 법인세 | G24: 2025.2Q | H24: =포괄손익계산서!C45 -> 198179
A25: KR0010 | B25: KB손보 | D25: 손해보험 | E25: =E24+1 -> 24 | F25: 당기순이익 | G25: 2025.2Q | H25: =H23-H24 -> 566087 | I25: =ABS(ROUND(H25,0)-ROUND(포괄손익계산서!C46,0))<2 -> TRUE

Sheet 포괄손익계산서
A1: 4-2. 포괄손익계산서
A2: 포괄손익계산서
A3: 제 68 기 반기 2025.01.01 부터 2025.06.30 까지
A4: 제 67 기 반기 2024.01.01 부터 2024.06.30 까지
A5: (단위 : 백만원)
B6: 제 68 기 반기 | D6: 제 67 기 반기
B7: 3개월 | C7: 누적 | D7: 3개월 | E7: 누적
A8: 보험손익 | B8: 237930 | C8: 500996 | D8: 327651 | E8: 696031
A9: 보험영업수익 | B9: 2780930 | C9: 5627212 | D9: 2587543 | E9: 5072607
A10: 보험수익 | B10: 2639401 | C10: 5221444 | D10: 2489455 | E10: 4940044
A11: 재보험수익 | B11: 141529 | C11: 405768 | D11: 98088 | E11: 132563
A12: 보험영업비용 | B12: 2543000 | C12: 5126216 | D12: 2259892 | E12: 4376576
A13: 보험비용 | B13: 2233852 | C13: 4525749 | D13: 1952261 | E13: 3768777
A14: 재보험비용 | B14: 210334 | C14: 409726 | D14: 209387 | E14: 415663
A15: 기타사업비용 | B15: 98814 | C15: 190741 | D15: 98244 | E15: 192136
A16: 투자손익 | B16: 96510 | C16: 262261 | D16: 68946 | E16: 99627
A17: 투자영업수익 | B17: 789521 | C17: 1404981 | D17: 548425 | E17: 1165598
A18: 보험금융수익 | B18: 39384 | C18: 45207 | D18: 3510 | E18: 6926
A19: 재보험금융수익 | B19: 19093 | C19: 42581 | D19: 31016 | E19: 58634
... A61: 총포괄손익 | B61: 327936 | C61: 23711 | D61: -9383 | E61: -165578

Sheet 보험손익
A1: (4) 당반기와 전반기 중 보험손익의 상세내역은 다음과 같습니다(단위:백만원)
A3: <당반기>
A4: 구분 | B4: 3개월 | G4: 누적
B5: 국내 | E5: 해외지점 | F5: 합계 | G5: 국내 | J5: 해외지점 | K5: 합계
B6: 장기 | C6: 일반 | D6: 자동차 | G6: 장기 | H6: 일반 | I6: 자동차
A7: 보험수익
A8: 보험료배분접근법 미적용 계약
A9: 예상 보험금 및 보험서비스비용 | B9: 1240321 | C9: - | D9: - | E9: - | F9: 1240321 | G9: 2463321 | H9: - | I9: - | J9: - | K9: 2463321
A10: 위험해제로 인한 위험조정의 변동 | B10: 51077 | C10: - | D10: - | E10: - | F10: 51077 | G10: 100970 | H10: - | I10: - | J10: - | K10: 100970
A11: 보험계약마진 상각 | B11: 210748 | C11: - | D11: - | E11: - | F11: 210748 | G11: 423962 | H11: - | I11: - | J11: - | K11: 423962
A12: 보험취득현금흐름의 회수 | B12: 66546 | C12: - | D12: - | E12: - | F12: 66546 | G12: 129388 | H12: - | I12: - | J12: - | K12: 129388
A13: 보험료배분접근법 미적용 계약 보험수익 | B13: 1568692 | C13: - | D13: - | E13: - | F13: 1568692 | G13: 3117641 | H13: - | I13: - | J13: - | K13: 3117641
A14: 보험료배분접근법 적용 계약 보험수익 | B14: - | C14: 368158 | D14: 702089 | E14: 462 | F14: 1070709 | G14: - | H14: 706198 | I14: 1397143 | J14: 462 | K14: 2103803
A15: 총 보험수익 | B15: 1568692 | C15: 368158 | D15: 702089 | E15: 462 | F15: 2639401 | G15: 3117641 | H15: 706198 | I15: 1397143 | J15: 462 | K15: 5221444
A16: 보험서비스비용
A17: 보험금 및 보험서비스비용 | B17: -1293211 | C17: -378894 | D17: -619584 | E17: -3686 | F17: -2295375 | G17: -2554780 | H17: -626201 | I17: -1219640 | J17: -5940 | K17: -4406561
A18: 보험취득현금흐름 | B18: -80538 | C18: -39885 | D18: -80149 | E18: - | F18: -200572 | G18: -153872 | H18: -78413 | I18: -157303 | J18: - | K18: -389588
A19: 발생사고 이행현금흐름 변동분 | B19: 43466 | C19: 125241 | D19: 3070 | E19: - | F19: 171777 | G19: 73472 | H19: 9204 | I19: -10023 | J19: - | K19: 72653
A20: 손실부담계약의 손실 및 환입 | B20: -7205 | C20: -1291 | D20: - | E20: - | F20: -8496 | G20: 6754 | H20: 252 | I20: - | J20: - | K20: 7006
A21: 총 보험서비스비용 | B21: -1337488 | C21: -294829 | D21: -696663 | E21: -3686 | F21: -2332666 | G21: -2628426 | H21: -695158 | I21: -1386966 | J21: -5940 | K21: -4716490
A22: 재보험수익
A23: 회수가능 보험금 및 보험서비스비용 | B23: 43299 | C23: 208592 | D23: 709 | E23: 10919 | F23: 263519 | G23: 88844 | H23: 282733 | I23: 727 | J23: 22576 | K23: 394880
A24: 발생사고 이행현금흐름 변동분 | B24: 2582 | C24: -126104 | D24: 1113 | E24: - | F24: -122409 | G24: 7320 | H24: 5612 | I24: 1526 | J24: - | K24: 14458
A25: 손실회수요소의 인식 및 환입 | B25: 90 | C25: 330 | D25: - | E25: - | F25: 420 | G25: -3737 | H25: 168 | I25: - | J25: - | K25: -3569
A26: 총 재보험수익 | B26: 45971 | C26: 82818 | D26: 1822 | E26: 10919 | F26: 141530 | G26: 92427 | H26: 288513 | I26: 2253 | J26: 22576 | K26: 405769
A27: 재보험비용
A28: 보험료배분접근법 미적용 계약
A29: 회수예상 보험금 및 보험서비스비용 | B29: -45839 | C29: - | D29: - | E29: - | F29: -45839 | G29: -84631 | H29: - | I29: - | J29: - | K29: -84631
A30: 위험해제로 인한 위험조정의 변동 | B30: -2181 | C30: - | D30: - | E30: - | F30: -2181 | G30: -4377 | H30: - | I30: - | J30: - | K30: -4377
A31: 제공받은 서비스의 재보험계약마진 | B31: -1648 | C31: - | D31: - | E31: - | F31: -1648 | G31: -1538 | H31: - | I31: - | J31: - | K31: -1538
A32: 재보험료 경험조정 | B32: 1277 | C32: - | D32: - | E32: - | F32: 1277 | G32: -4365 | H32: - | I32: - | J32: - | K32: -4365
A33: 보험료배분접근법 미적용 계약 재보험비용 | B33: -48391 | C33: - | D33: - | E33: - | F33: -48391 | G33: -94911 | H33: - | I33: - | J33: - | K33: -94911
A34: 보험료배분접근법 적용 계약 재보험비용 | B34: -236 | C34: -149075 | D34: -2443 | E34: -10189 | F34: -161943 | G34: -634 | H34: -289202 | I34: -3868 | J34: -21111 | K34: -314815
A35: 총 재보험비용 | B35: -48627 | C35: -149075 | D35: -2443 | E35: -10189 | F35: -210334 | G35: -95545 | H35: -289202 | I35: -3868 | J35: -21111 | K35: -409726
A36: 총 보험서비스결과 | B36: 228548 | C36: 7072 | D36: 4805 | E36: -2494 | F36: 237931 | G36: 486097 | H36: 10351 | I36: 8562 | J36: -4013 | K36: 500997
