Workbook

Sheet Sheet2
A1: 원보험사코드 | B1: 원수사명 | C1: 티커 | D1: 생손보여부 | E1: 항목번호 | F1: 항목명 | G1: 공시분기 | H1: 값 | I1: 검증
B2: 농협생명 | D2: 생명보험 | E2: 1 | F2: 보험손익 | G2: 2025.4Q | H2: =H3+H14+H15+H16-H17 -> 389177.26 | I2: =ROUND(H2,0)=ROUND(포괄손익계산서!B2/1000000,0) -> TRUE
B3: 농협생명 | D3: 생명보험 | E3: =E2+1 -> 2 | F3: 생명장기 손익 | G3: 2025.4Q | H3: =H4+H9 -> 441926
B4: 농협생명 | D4: 생명보험 | E4: =E3+1 -> 3 | F4: 생명장기 원수손익 | G4: 2025.4Q | H4: =부문별!C13-부문별!C26 -> 442578
B5: 농협생명 | D5: 생명보험 | E5: =E4+1 -> 4 | F5: 원수 CSM상각 | G5: 2025.4Q | H5: =부문별!C9 -> 401662
B6: 농협생명 | D6: 생명보험 | E6: =E5+1 -> 5 | F6: 원수 위험조정 변동 | G6: 2025.4Q | H6: =부문별!C8 -> 42623
B7: 농협생명 | D7: 생명보험 | E7: =E6+1 -> 6 | F7: 원수 예실차 | G7: 2025.4Q | H7: =부문별!C7-부문별!C20 -> 61554
B8: 농협생명 | D8: 생명보험 | E8: =E7+1 -> 7 | F8: 기타 생명장기 원수손익 | G8: 2025.4Q | H8: =H4-SUM(H5:H7) -> -63261
B9: 농협생명 | D9: 생명보험 | E9: =E8+1 -> 8 | F9: 생명장기 재보험손익 | G9: 2025.4Q | H9: =부문별!C19-부문별!C32 -> -652
B10: 농협생명 | D10: 생명보험 | E10: =E9+1 -> 9 | F10: 재보험 CSM상각 | G10: 2025.4Q | H10: =-부문별!C29 -> -2009
B11: 농협생명 | D11: 생명보험 | E11: =E10+1 -> 10 | F11: 재보험 위험조정 변동 | G11: 2025.4Q | H11: =-부문별!C28 -> -263
B12: 농협생명 | D12: 생명보험 | E12: =E11+1 -> 11 | F12: 재보험 예실차 | G12: 2025.4Q | H12: =부문별!C14-부문별!C27 -> 534
B13: 농협생명 | D13: 생명보험 | E13: =E12+1 -> 12 | F13: 기타 생명장기 재보험손익 | G13: 2025.4Q | H13: =H9-SUM(H10:H12) -> 1086
B14: 농협생명 | D14: 생명보험 | E14: =E13+1 -> 13 | F14: 자동차손익 | G14: 2025.4Q | H14: 0
B15: 농협생명 | D15: 생명보험 | E15: =E14+1 -> 14 | F15: 일반손익 | G15: 2025.4Q | H15: 0
B16: 농협생명 | D16: 생명보험 | E16: =E15+1 -> 15 | F16: 기타영업수익 | G16: 2025.4Q | H16: 0
B17: 농협생명 | D17: 생명보험 | E17: =E16+1 -> 16 | F17: 기타사업비용 | G17: 2025.4Q | H17: =포괄손익계산서!B9/1000000 -> 52748.738
B18: 농협생명 | D18: 생명보험 | E18: =E17+1 -> 17 | F18: 투자손익 | G18: 2025.4Q | H18: =포괄손익계산서!B10/1000000 -> 64906.601
B19: 농협생명 | D19: 생명보험 | E19: =E18+1 -> 18 | F19: 투자이익 | G19: 2025.4Q | H19: =H18-H20 -> 1559879.4
B20: 농협생명 | D20: 생명보험 | E20: =E19+1 -> 19 | F20: 보험금융손익 | G20: 2025.4Q | H20: =(-포괄손익계산서!B24)/1000000 -> -1494972.8
B21: 농협생명 | D21: 생명보험 | E21: =E20+1 -> 20 | F21: 영업이익 | G21: 2025.4Q | H21: =H2+H18 -> 454083.86 | I21: =ROUND(H21,0)=ROUND(포괄손익계산서!B35/1000000,0) -> TRUE
B22: 농협생명 | D22: 생명보험 | E22: =E21+1 -> 21 | F22: 영업외손익 | G22: 2025.4Q | H22: =포괄손익계산서!B36/1000000 -> -130129.81
B23: 농협생명 | D23: 생명보험 | E23: =E22+1 -> 22 | F23: 세전이익 | G23: 2025.4Q | H23: =H21+H22 -> 323954.05 | I23: =ROUND(H23,0)=ROUND(포괄손익계산서!B39/1000000,0) -> TRUE
B24: 농협생명 | D24: 생명보험 | E24: =E23+1 -> 23 | F24: 법인세 | G24: 2025.4Q | H24: =포괄손익계산서!B40/1000000 -> 108405.29
B25: 농협생명 | D25: 생명보험 | E25: =E24+1 -> 24 | F25: 당기순이익 | G25: 2025.4Q | H25: =H23-H24 -> 215548.76 | I25: =ROUND(H25,0)=ROUND(포괄손익계산서!B41/1000000,0) -> TRUE

Sheet 부문별
A2: 24. 보험계약관련손익의 내역
A4: (1) 당기 및 전기 중 보험손익의 내역은 다음과 같습니다.
A5: (단위 : 백만원)
A6: 구분 | C6: 당기 | D6: 전기
A7: 보험수익 | B7: 예상보험금 및 기타보험 서비스비용 | C7: 974151 | D7: 945600
B8: 위험조정 변동 | C8: 42623 | D8: 48321
B9: 보험계약마진 상각 | C9: 401662 | D9: 420176
B10: 보험취득현금흐름 상각 | C10: 196838 | D10: 180875
B11: 손실요소배분 | C11: -22898 | D11: -13537
B12: 보험료배분접근법 보험수익 | C12: 1858 | D12: 98
B13: 소 계 | C13: 1594234 | D13: 1581533
A14: 재보험수익 | B14: 발생재보험금 | C14: 14279 | D14: 13469
B15: 손실회수요소 발생 및 환입 | C15: 1847 | D15: 1284
B16: 손실회수요소배분 | C16: -975 | D16: -550
B17: 발생사고요소 조정 | C17: -93 | D17: -1720
B18: 기타재보험수익 | C18: 482 | D18: 631
B19: 소 계 | C19: 15540 | D19: 13114
A20: 보험서비스비용 | B20: 발생보험금 및 기타보험 서비스비용 | C20: 912597 | D20: 802155
B21: 손실요소 인식 및 환입 | C21: 61076 | D21: 32669
B22: 보험취득현금흐름 상각액 | C22: 196838 | D22: 180875
B23: 발생사고요소 조정 | C23: 3125 | D23: 70
B24: 손실요소배분 | C24: -22898 | D24: -13538
B25: 보험료배분접근법 보험서비스비용 | C25: 918 | D25: 64
B26: 소 계 | C26: 1151656 | D26: 1002295
A27: 재보험비용 | B27: 회수예상보험금 | C27: 13745 | D27: 9602
B28: 위험조정 변동 | C28: 263 | D28: 244
B29: 보험계약마진 상각 | C29: 2009 | D29: 3040
B30: 손실회수요소배분 | C30: -976 | D30: -549
B31: 기타재보험비용 | C31: 1151 | D31: 1842
B32: 소 계 | C32: 16192 | D32: 14179
A33: 기타사업비용 | C33: 52749 | D33: 56715
A34: 보험손익 | C34: 389177 | D34: 521458

Sheet 포괄손익계산서
B1: 제 14 기 | C1: 제 13 기 | D1: 제 12 기
A2: 보험손익 | B2: 389177046593 | C2: 521457538429 | D2: 331041488735
A3: 보험영업수익 | B3: 1609773889825 | C3: 1594646709231 | D3: 1533487930079
A4: 보험수익 | B4: 1594234166042 | C4: 1581533118100 | D4: 1515479715295
A5: 재보험수익 | B5: 15539723783 | C5: 13113591131 | D5: 18008214784
A6: 보험영업비용 | B6: 1220596843232 | C6: 1073189170802 | D6: 1202446441344
A7: 보험서비스비용 | B7: 1151656192191 | C7: 1002295326485 | D7: 1130284961870
A8: 재보험비용 | B8: 16191913252 | C8: 14178820581 | D8: 23075694842
A9: 기타사업비용 | B9: 52748737789 | C9: 56715023736 | D9: 49085784632
A10: 투자손익 | B10: 64906601041 | C10: -44190785782 | D10: -22406342556
A11: 투자영업수익 | B11: 2159942856391 | C11: 2866292367828 | D11: 2197159282194
A12: 이자수익 | B12: 1398939917855 | C12: 1419761482036 | D12: 1421661451959
A13: 유효이자율법 적용 이자수익 | B13: 1390394442818 | C13: 1405831432395 | D13: 1395799511612
... A56: 비지배지분포괄손익 | B56: 0 | C56: 0 | D56: 0
A57: 주당이익
A58: 기본주당순이익 (단위 : 원) | B58: 1542 | C58: 1760 | D58: 1300
A59: 희석주당순이익 (단위 : 원) | B59: 1542 | C59: 1760 | D59: 1300
