Workbook

Sheet Sheet1
A1: 원보험사코드 | B1: 원수사명 | C1: 티커 | D1: 생손보여부 | E1: 항목번호 | F1: 항목명 | G1: 공시분기 | H1: 값 | I1: 검증
A2: KR0008 | B2: 삼성화재 | D2: 손해보험 | E2: 1 | F2: 보험손익 | G2: 2024.2Q | H2: =H3+H14+H15+H16-H17 -> 1135415.5 | I2: =ABS(ROUND(H2,0)-1135414.928)<2 -> TRUE
A3: KR0008 | B3: 삼성화재 | D3: 손해보험 | E3: =E2+1 -> 2 | F3: 생명장기 손익 | G3: 2024.2Q | H3: =H4+H9 -> 954343
A4: KR0008 | B4: 삼성화재 | D4: 손해보험 | E4: =E3+1 -> 3 | F4: 생명장기 원수손익 | G4: 2024.2Q | H4: =보험손익!C13-보험손익!C32 -> 990346
A5: KR0008 | B5: 삼성화재 | D5: 손해보험 | E5: =E4+1 -> 4 | F5: 원수 CSM상각 | G5: 2024.2Q | H5: =보험손익!C9 -> 800349
A6: KR0008 | B6: 삼성화재 | D6: 손해보험 | E6: =E5+1 -> 5 | F6: 원수 위험조정 변동 | G6: 2024.2Q | H6: =보험손익!C8 -> 77728
A7: KR0008 | B7: 삼성화재 | D7: 손해보험 | E7: =E6+1 -> 6 | F7: 원수 예실차 | G7: 2024.2Q | H7: =보험손익!C7-보험손익!C28 -> -186460
A8: KR0008 | B8: 삼성화재 | D8: 손해보험 | E8: =E7+1 -> 7 | F8: 기타 생명장기 원수손익 | G8: 2024.2Q | H8: =H4-SUM(H5:H7) -> 298729
A9: KR0008 | B9: 삼성화재 | D9: 손해보험 | E9: =E8+1 -> 8 | F9: 생명장기 재보험손익 | G9: 2024.2Q | H9: =보험손익!C37-보험손익!C20 -> -36003
A10: KR0008 | B10: 삼성화재 | D10: 손해보험 | E10: =E9+1 -> 9 | F10: 재보험 CSM상각 | G10: 2024.2Q | H10: =-보험손익!C17 -> -14909
A11: KR0008 | B11: 삼성화재 | D11: 손해보험 | E11: =E10+1 -> 10 | F11: 재보험 위험조정 변동 | G11: 2024.2Q | H11: =-보험손익!C16 -> -6853
A12: KR0008 | B12: 삼성화재 | D12: 손해보험 | E12: =E11+1 -> 11 | F12: 재보험 예실차 | G12: 2024.2Q | H12: =보험손익!C34-보험손익!C15 -> -20048
A13: KR0008 | B13: 삼성화재 | D13: 손해보험 | E13: =E12+1 -> 12 | F13: 기타 생명장기 재보험손익 | G13: 2024.2Q | H13: =H9-SUM(H10:H12) -> 5807
A14: KR0008 | B14: 삼성화재 | D14: 손해보험 | E14: =E13+1 -> 13 | F14: 자동차손익 | G14: 2024.2Q | H14: =보험손익!E13-N(보험손익!E20)-N(보험손익!E32)+보험손익!E37 -> 174662
A15: KR0008 | B15: 삼성화재 | D15: 손해보험 | E15: =E14+1 -> 14 | F15: 일반손익 | G15: 2024.2Q | H15: =보험손익!G13-N(보험손익!G20)-N(보험손익!G32)+보험손익!G37 -> 124924
A16: KR0008 | B16: 삼성화재 | D16: 손해보험 | E16: =E15+1 -> 15 | F16: 기타영업수익 | G16: 2024.2Q
A17: KR0008 | B17: 삼성화재 | D17: 손해보험 | E17: =E16+1 -> 16 | F17: 기타사업비용 | G17: 2024.2Q | H17: 118513.54
A18: KR0008 | B18: 삼성화재 | D18: 손해보험 | E18: =E17+1 -> 17 | F18: 투자손익 | G18: 2024.2Q
A19: KR0008 | B19: 삼성화재 | D19: 손해보험 | E19: =E18+1 -> 18 | F19: 투자이익 | G19: 2024.2Q
A20: KR0008 | B20: 삼성화재 | D20: 손해보험 | E20: =E19+1 -> 19 | F20: 보험금융손익 | G20: 2024.2Q
A21: KR0008 | B21: 삼성화재 | D21: 손해보험 | E21: =E20+1 -> 20 | F21: 영업이익 | G21: 2024.2Q
A22: KR0008 | B22: 삼성화재 | D22: 손해보험 | E22: =E21+1 -> 21 | F22: 영업외손익 | G22: 2024.2Q
A23: KR0008 | B23: 삼성화재 | D23: 손해보험 | E23: =E22+1 -> 22 | F23: 세전이익 | G23: 2024.2Q
A24: KR0008 | B24: 삼성화재 | D24: 손해보험 | E24: =E23+1 -> 23 | F24: 법인세 | G24: 2024.2Q
A25: KR0008 | B25: 삼성화재 | D25: 손해보험 | E25: =E24+1 -> 24 | F25: 당기순이익 | G25: 2024.2Q

Sheet 보험손익
A1: (10) 당반기와 전반기 중 주요 보종별 보험수익 및 재보험비용의 내역은 다음과 같습니다.
A2: 1) 제75(당)기 반기
A3: (단위: 백만원)
A4: 구분 | B4: 장기 | D4: 자동차 | F4: 일반 | H4: 합계
B5: 3개월 | C5: 누적 | D5: 3개월 | E5: 누적 | F5: 3개월 | G5: 누적 | H5: 3개월 | I5: 누적
A6: 보험수익
A7: 예상보험금 및 보험서비스비용 | B7: 1479046 | C7: 2735525 | D7: - | E7: - | F7: - | G7: - | H7: 1479046 | I7: 2735525
A8: 비금융위험에 대한 위험조정의 변동 | B8: 43606 | C8: 77728 | D8: - | E8: - | F8: - | G8: - | H8: 43606 | I8: 77728
A9: 보험계약마진 상각 | B9: 403888 | C9: 800349 | D9: - | E9: - | F9: - | G9: - | H9: 403888 | I9: 800349
A10: 보험취득현금흐름상각 | B10: 306633 | C10: 604292 | D10: - | E10: - | F10: - | G10: - | H10: 306633 | I10: 604292
A11: 보험취득현금흐름 경험조정 | B11: -1207 | C11: 8482 | D11: - | E11: - | F11: - | G11: - | H11: -1207 | I11: 8482
A12: 보험료배분접근법 적용수익 | B12: - | C12: - | D12: 1397905 | E12: 2796867 | F12: 647189 | G12: 1264154 | H12: 2045094 | I12: 4061021
A13: 합계 | B13: 2231966 | C13: 4226376 | D13: 1397905 | E13: 2796867 | F13: 647189 | G13: 1264154 | H13: 4277060 | I13: 8287397
A14: 재보험비용
A15: 예상출재보험금 및 수입손해조사비 | B15: 78743 | C15: 115560 | D15: - | E15: - | F15: - | G15: - | H15: 78743 | I15: 115560
A16: 비금융위험에 대한 위험조정의 변동 | B16: 4139 | C16: 6853 | D16: - | E16: - | F16: - | G16: - | H16: 4139 | I16: 6853
A17: 보험계약마진상각 | B17: 7676 | C17: 14909 | D17: - | E17: - | F17: - | G17: - | H17: 7676 | I17: 14909
A18: 출재보험료 경험조정 | B18: -55322 | C18: -38948 | D18: - | E18: - | F18: - | G18: - | H18: -55322 | I18: -38948
A19: 보험료배분접근법 적용비용 | B19: 811 | C19: 1551 | D19: - | E19: - | F19: 232467 | G19: 463957 | H19: 233278 | I19: 465508
A20: 합계 | B20: 36047 | C20: 99925 | D20: - | E20: 0 | F20: 232467 | G20: 463957 | H20: 268514 | I20: 563882
A22: (11) 당반기와 전반기 중 주요 보종별 보험서비스비용 및 재보험수익의 내역은 다음과 같습니다.
A23: 1) 제75(당)기 반기
A24: (단위: 백만원)
A25: 구분 | B25: 장기 | D25: 자동차 | F25: 일반 | H25: 합계
B26: 3개월 | C26: 누적 | D26: 3개월 | E26: 누적 | F26: 3개월 | G26: 누적 | H26: 3개월 | I26: 누적
A27: 보험서비스비용
A28: 발생보험금 및 발생보험서비스비용 | B28: 1522592 | C28: 2921985 | D28: 1238632 | E28: 2465033 | F28: 343732 | G28: 737794 | H28: 3104956 | I28: 6124812
A29: 발생사고요소 이행현금흐름 추정치 변동 | B29: -124547 | C29: -318420 | D29: -17543 | E29: -61328 | F29: 7448 | G29: 19227 | H29: -134642 | I29: -360521
A30: 손실요소의 전입(환입) | B30: 12440 | C30: 28174 | D30: - | E30: - | F30: 969 | G30: 2232 | H30: 13409 | I30: 30406
A31: 보험취득현금흐름관련 비용 | B31: 306632 | C31: 604291 | D31: 110497 | E31: 217309 | F31: 52718 | G31: 101313 | H31: 469847 | I31: 922913
A32: 합계 | B32: 1717117 | C32: 3236030 | D32: 1331586 | E32: 2621014 | F32: 404867 | G32: 860566 | H32: 3453570 | I32: 6717610
A33: 재보험수익
A34: 발생출재보험금 및 수입손해조사비 | B34: 16129 | C34: 95512 | D34: 1 | E34: -2 | F34: 92706 | G34: 253853 | H34: 108836 | I34: 349363
A35: 발생사고요소 이행현금흐름추정치 변동 | B35: -4250 | C35: -34441 | D35: -1256 | E35: -1189 | F35: -35468 | G35: -68341 | H35: -40974 | I35: -103971
A36: 손실회수요소의 전입(환입) | B36: 1374 | C36: 2851 | D36: - | E36: - | F36: -114 | G36: -219 | H36: 1260 | I36: 2632
A37: 합계 | B37: 13253 | C37: 63922 | D37: -1255 | E37: -1191 | F37: 57124 | G37: 185293 | H37: 69122 | I37: 248024
