Workbook

Sheet Sheet2
A1: 원보험사코드 | B1: 원수사명 | C1: 티커 | D1: 생손보여부 | E1: 항목번호 | F1: 항목명 | G1: 공시분기 | H1: 값 | I1: 검증
A2: KR0068 | B2: 한화생명 | D2: 생명보험 | E2: 1 | F2: 보험손익 | G2: 2025.2Q | H2: =H3+H14+H15+H16-H17 -> 175999 | I2: =ROUND(H2,0)=ROUND(포괄손익계산서!C8,0) -> TRUE
A3: KR0068 | B3: 한화생명 | D3: 생명보험 | E3: =E2+1 -> 2 | F3: 생명장기 손익 | G3: 2025.2Q | H3: =H4+H9 -> 235859
A4: KR0068 | B4: 한화생명 | D4: 생명보험 | E4: =E3+1 -> 3 | F4: 생명장기 원수손익 | G4: 2025.2Q | H4: =부문별!N20+부문별!Z20-부문별!M52-부문별!Y52 -> 242874
A5: KR0068 | B5: 한화생명 | D5: 생명보험 | E5: =E4+1 -> 4 | F5: 원수 CSM상각 | G5: 2025.2Q | H5: =부문별!N16+부문별!Z16 -> 394479
A6: KR0068 | B6: 한화생명 | D6: 생명보험 | E6: =E5+1 -> 5 | F6: 원수 위험조정 변동 | G6: 2025.2Q | H6: =부문별!N15+부문별!Z15-부문별!I131-부문별!Q131 -> 75507
A7: KR0068 | B7: 한화생명 | D7: 생명보험 | E7: =E6+1 -> 6 | F7: 원수 예실차 | G7: 2025.2Q | H7: =부문별!N14+부문별!Z14-부문별!M48-부문별!Y48 -> -123351
A8: KR0068 | B8: 한화생명 | D8: 생명보험 | E8: =E7+1 -> 7 | F8: 기타 생명장기 원수손익 | G8: 2025.2Q | H8: =H4-SUM(H5:H7) -> -103761
A9: KR0068 | B9: 한화생명 | D9: 생명보험 | E9: =E8+1 -> 8 | F9: 생명장기 재보험손익 | G9: 2025.2Q | H9: =+부문별!I106+부문별!Q106-부문별!I134-부문별!Q134 -> -7015
A10: KR0068 | B10: 한화생명 | D10: 생명보험 | E10: =E9+1 -> 9 | F10: 재보험 CSM상각 | G10: 2025.2Q | H10: =-부문별!I132-부문별!Q132 -> -14304
A11: KR0068 | B11: 한화생명 | D11: 생명보험 | E11: =E10+1 -> 10 | F11: 재보험 위험조정 변동 | G11: 2025.2Q | H11: =-부문별!I145-부문별!Q145 -> -450
A12: KR0068 | B12: 한화생명 | D12: 생명보험 | E12: =E11+1 -> 11 | F12: 재보험 예실차 | G12: 2025.2Q | H12: =+부문별!I103+부문별!Q103-부문별!I130-부문별!Q130 -> 15031
A13: KR0068 | B13: 한화생명 | D13: 생명보험 | E13: =E12+1 -> 12 | F13: 기타 생명장기 재보험손익 | G13: 2025.2Q | H13: =H9-SUM(H10:H12) -> -7292
A14: KR0068 | B14: 한화생명 | D14: 생명보험 | E14: =E13+1 -> 13 | F14: 자동차손익 | G14: 2025.2Q | H14: 0
A15: KR0068 | B15: 한화생명 | D15: 생명보험 | E15: =E14+1 -> 14 | F15: 일반손익 | G15: 2025.2Q | H15: 0
A16: KR0068 | B16: 한화생명 | D16: 생명보험 | E16: =E15+1 -> 15 | F16: 기타영업수익 | G16: 2025.2Q | H16: 0
A17: KR0068 | B17: 한화생명 | D17: 생명보험 | E17: =E16+1 -> 16 | F17: 기타사업비용 | G17: 2025.2Q | H17: =포괄손익계산서!C15 -> 59860
A18: KR0068 | B18: 한화생명 | D18: 생명보험 | E18: =E17+1 -> 17 | F18: 투자손익 | G18: 2025.2Q | H18: =포괄손익계산서!C16 -> 14893
A19: KR0068 | B19: 한화생명 | D19: 생명보험 | E19: =E18+1 -> 18 | F19: 투자이익 | G19: 2025.2Q | H19: =H18-H20 -> 2311824
A20: KR0068 | B20: 한화생명 | D20: 생명보험 | E20: =E19+1 -> 19 | F20: 보험금융손익 | G20: 2025.2Q | H20: =-포괄손익계산서!C28 -> -2296931 | I20: <- 투자손익에 '보험금융수익' 계정이 없음. 보험금융비용 차감만 처리함
A21: KR0068 | B21: 한화생명 | D21: 생명보험 | E21: =E20+1 -> 20 | F21: 영업이익 | G21: 2025.2Q | H21: =H2+H18 -> 190892 | I21: =ROUND(H21,0)=ROUND(포괄손익계산서!C38,0) -> TRUE
A22: KR0068 | B22: 한화생명 | D22: 생명보험 | E22: =E21+1 -> 21 | F22: 영업외손익 | G22: 2025.2Q | H22: =포괄손익계산서!C39 -> 32549
A23: KR0068 | B23: 한화생명 | D23: 생명보험 | E23: =E22+1 -> 22 | F23: 세전이익 | G23: 2025.2Q | H23: =H21+H22 -> 223441 | I23: =ROUND(H23,0)=ROUND(포괄손익계산서!C42,0) -> TRUE
A24: KR0068 | B24: 한화생명 | D24: 생명보험 | E24: =E23+1 -> 23 | F24: 법인세 | G24: 2025.2Q | H24: =포괄손익계산서!C43 -> 43740
A25: KR0068 | B25: 한화생명 | D25: 생명보험 | E25: =E24+1 -> 24 | F25: 당기순이익 | G25: 2025.2Q | H25: =H23-H24 -> 179701 | I25: =ROUND(H25,0)=ROUND(포괄손익계산서!C44,0) -> TRUE

Sheet 부문별
A1: 23. 보험서비스결과
A4: 발행보험의 보험수익 분석 공시
A5: 당반기 | B5: (단위 : 백만원)
C6: 보험계약의 세분
C7: 발행한 보험계약
C8: 보험계약
C9: 보험료배분접근법을 적용한 보험계약 외의 보험계약 | O9: 보험료배분접근법을 적용한 보험계약
C10: 계약의 유형 | M10: 계약의 유형 합계 | O10: 계약의 유형 | Y10: 계약의 유형 합계
C11: 사망보험 | E11: 건강보험 | G11: 연금저축보험 | I11: 변액보험 | K11: 기타보험 | O11: 사망보험 | Q11: 건강보험 | S11: 연금저축보험 | U11: 변액보험 | W11: 기타보험
C12: 3개월 | D12: 누적 | E12: 3개월 | F12: 누적 | G12: 3개월 | H12: 누적 | I12: 3개월 | J12: 누적 | K12: 3개월 | L12: 누적 | M12: 3개월 | N12: 누적 | O12: 3개월 | P12: 누적 | Q12: 3개월 | R12: 누적 | S12: 3개월 | T12: 누적 | U12: 3개월 | V12: 누적 | W12: 3개월 | X12: 누적 | Y12: 3개월 | Z12: 누적
A13: 보험수익
A14: 보험수익 | B14: 보험수익, 보고기간에 발생한 보험서비스비용 (기초 예상 측정치) | C14: 290189 | D14: 577752 | E14: 316446 | F14: 623221 | G14: 94892 | H14: 181281 | I14: 104653 | J14: 209803 | K14: 0 | L14: 0 | M14: 806180 | N14: 1592057
B15: 보험수익, 비금융위험에 대한 위험조정의 변동분 | C15: 14747 | D15: 30530 | E15: 15543 | F15: 32573 | G15: 3345 | H15: 6409 | I15: 3553 | J15: 6554 | K15: 0 | L15: 0 | M15: 37188 | N15: 76066
B16: 보험수익, 서비스의 이전으로 당기손익에 인식한 보험계약마진 | C16: 63181 | D16: 131641 | E16: 103194 | F16: 203607 | G16: 29168 | H16: 58584 | I16: 298 | J16: 647 | K16: 0 | L16: 0 | M16: 195841 | N16: 394479
B17: 보험수익, 손실요소 변동과 관련된 금액 | C17: -2317 | D17: -3367 | E17: -6984 | F17: -10359 | G17: -5114 | H17: -10000 | I17: -1072 | J17: -1233 | K17: 0 | L17: 0 | M17: -15487 | N17: -24959
B18: 보험수익, 보험취득 현금흐름의 회수와 관련되는 보험료 부분의 배분액 | C18: 136859 | D18: 272640 | E18: 86037 | F18: 163165 | G18: 20501 | H18: 40171 | I18: 1629 | J18: 3386 | K18: 0 | L18: 0 | M18: 245026 | N18: 479362
B19: 보험수익, 그 밖의 금액 | C19: 4784 | D19: 3064 | E19: 3903 | F19: 4821 | G19: 687 | H19: 4121 | I19: 0 | J19: 0 | K19: 0 | L19: 0 | M19: 9374 | N19: 12006
B20: 보험수익 | C20: 507443 | D20: 1012260 | E20: 518139 | F20: 1017028 | G20: 143479 | H20: 280566 | I20: 109061 | J20: 219157 | K20: 0 | L20: 0 | M20: 1278122 | N20: 2529011 | O20: 3362 | P20: 6650 | R20: 0 | T20: 0 | V20: 0 | X20: 0 | Y20: 3362 | Z20: 6650
A22: 전반기 | B22: (단위 : 백만원)
C23: 보험계약의 세분
C24: 발행한 보험계약
C25: 보험계약
C26: 보험료배분접근법을 적용한 보험계약 외의 보험계약 | O26: 보험료배분접근법을 적용한 보험계약
C27: 계약의 유형 | M27: 계약의 유형 합계 | O27: 계약의 유형 | Y27: 계약의 유형 합계
C28: 사망보험 | E28: 건강보험 | G28: 연금저축보험 | I28: 변액보험 | K28: 기타보험 | O28: 사망보험 | Q28: 건강보험 | S28: 연금저축보험 | U28: 변액보험 | W28: 기타보험
C29: 3개월 | D29: 누적 | E29: 3개월 | F29: 누적 | G29: 3개월 | H29: 누적 | I29: 3개월 | J29: 누적 | K29: 3개월 | L29: 누적 | M29: 3개월 | N29: 누적 | O29: 3개월 | P29: 누적 | Q29: 3개월 | R29: 누적 | S29: 3개월 | T29: 누적 | U29: 3개월 | V29: 누적 | W29: 3개월 | X29: 누적 | Y29: 3개월 | Z29: 누적
A30: 보험수익
A31: 보험수익 | B31: 보험수익, 보고기간에 발생한 보험서비스비용 (기초 예상 측정치) | C31: 285957 | D31: 570875 | E31: 284406 | F31: 562861 | G31: 76756 | H31: 144758 | I31: 111487 | J31: 223045 | K31: 0 | L31: 0 | M31: 758606 | N31: 1501539
B32: 보험수익, 비금융위험에 대한 위험조정의 변동분 | C32: 15939 | D32: 28222 | E32: 14355 | F32: 25382 | G32: 2470 | H32: 4267 | I32: 2986 | J32: 5880 | K32: 0 | L32: 0 | M32: 35750 | N32: 63751
B33: 보험수익, 서비스의 이전으로 당기손익에 인식한 보험계약마진 | C33: 82539 | D33: 168390 | E33: 98707 | F33: 197113 | G33: 24909 | H33: 48387 | I33: 9296 | J33: 21865 | K33: 0 | L33: 0 | M33: 215451 | N33: 435755
B34: 보험수익, 손실요소 변동과 관련된 금액 | C34: -242 | D34: -487 | E34: -3624 | F34: -8246 | G34: -3258 | H34: -6706 | I34: -15 | J34: -45 | K34: 0 | L34: 0 | M34: -7139 | N34: -15484
B35: 보험수익, 보험취득 현금흐름의 회수와 관련되는 보험료 부분의 배분액 | C35: 133893 | D35: 265384 | E35: 58941 | F35: 113221 | G35: 14723 | H35: 28510 | I35: 2045 | J35: 4194 | K35: 0 | L35: 0 | M35: 209602 | N35: 411309
B36: 보험수익, 그 밖의 금액 | C36: -6100 | D36: -177 | E36: -5795 | F36: -2373 | G36: -2484 | H36: -4226 | I36: 0 | J36: 6 | K36: 0 | L36: 0 | M36: -14379 | N36: -6770
B37: 보험수익 | C37: 511986 | D37: 1032207 | E37: 446990 | F37: 887958 | G37: 113116 | H37: 214990 | I37: 125799 | J37: 254945 | K37: 0 | L37: 0 | M37: 1197891 | N37: 2390100 | O37: 4371 | P37: 8715 | R37: 0 | T37: 0 | V37: 0 | X37: 0 | Y37: 4371 | Z37: 8715
A39: 발행보험의 보험서비스비용 분석 공시
A40: 당반기 | B40: (단위 : 백만원)
B41: 보험계약의 세분
B42: 발행한 보험계약
B43: 보험계약
B44: 보험료배분접근법을 적용한 보험계약 외의 보험계약 | N44: 보험료배분접근법을 적용한 보험계약
B45: 계약의 유형 | L45: 계약의 유형 합계 | N45: 계약의 유형 | X45: 계약의 유형 합계
B46: 사망보험 | D46: 건강보험 | F46: 연금저축보험 | H46: 변액보험 | J46: 기타보험 | N46: 사망보험 | P46: 건강보험 | R46: 연금저축보험 | T46: 변액보험 | V46: 기타보험
B47: 3개월 | C47: 누적 | D47: 3개월 | E47: 누적 | F47: 3개월 | G47: 누적 | H47: 3개월 | I47: 누적 | J47: 3개월 | K47: 누적 | L47: 3개월 | M47: 누적 | N47: 3개월 | O47: 누적 | P47: 3개월 | Q47: 누적 | R47: 3개월 | S47: 누적 | T47: 3개월 | U47: 누적 | V47: 3개월 | W47: 누적 | X47: 3개월 | Y47: 누적
A48: 보험서비스비용, 발생한 보험금 및 그 밖의 발생한 보험서비스비용 | B48: 316800 | C48: 642393 | D48: 347338 | E48: 679549 | F48: 75193 | G48: 144427 | H48: 120112 | I48: 248905 | J48: 64 | K48: 134 | L48: 859507 | M48: 1715408
A49: 보험서비스비용, 보험취득 현금흐름의 상각에 따른 금액 | B49: 136859 | C49: 272640 | D49: 86037 | E49: 163165 | F49: 20501 | G49: 40171 | H49: 1629 | I49: 3386 | J49: 0 | K49: 0 | L49: 245026 | M49: 479362
A50: 보험서비스비용, 과거 서비스와 관련된 금액 | B50: -32674 | C50: -73222 | D50: 28117 | E50: 38443 | F50: -3257 | G50: -6928 | H50: -13750 | I50: -27540 | J50: 0 | K50: 0 | L50: -21564 | M50: -69247
A51: 보험서비스비용, 미래 서비스와 관련된 변동분에 관련된 금액 | B51: 17318 | C51: 19884 | D51: 54546 | E51: 77317 | F51: -12838 | G51: 3829 | H51: 30276 | I51: 58672 | J51: 0 | K51: 0 | L51: 89302 | M51: 159702
A52: 발행한 보험계약에서 생기는 보험서비스비용 | B52: 438303 | C52: 861695 | D52: 516038 | E52: 958474 | F52: 79599 | G52: 181499 | H52: 138267 | I52: 283423 | J52: 64 | K52: 134 | L52: 1172271 | M52: 2285225 | N52: 3085 | O52: 7562 | Q52: 0 | S52: 0 | U52: 0 | W52: 0 | X52: 3085 | Y52: 7562
A54: 전반기 | B54: (단위 : 백만원)
B55: 보험계약의 세분
B56: 발행한 보험계약
B57: 보험계약
B58: 보험료배분접근법을 적용한 보험계약 외의 보험계약 | N58: 보험료배분접근법을 적용한 보험계약
B59: 계약의 유형 | L59: 계약의 유형 합계 | N59: 계약의 유형 | X59: 계약의 유형 합계
B60: 사망보험 | D60: 건강보험 | F60: 연금저축보험 | H60: 변액보험 | J60: 기타보험 | N60: 사망보험 | P60: 건강보험 | R60: 연금저축보험 | T60: 변액보험 | V60: 기타보험
B61: 3개월 | C61: 누적 | D61: 3개월 | E61: 누적 | F61: 3개월 | G61: 누적 | H61: 3개월 | I61: 누적 | J61: 3개월 | K61: 누적 | L61: 3개월 | M61: 누적 | N61: 3개월 | O61: 누적 | P61: 3개월 | Q61: 누적 | R61: 3개월 | S61: 누적 | T61: 3개월 | U61: 누적 | V61: 3개월 | W61: 누적 | X61: 3개월 | Y61: 누적
A62: 보험서비스비용, 발생한 보험금 및 그 밖의 발생한 보험서비스비용 | B62: 286368 | C62: 571697 | D62: 282641 | E62: 568229 | F62: 66141 | G62: 132007 | H62: 108258 | I62: 223505 | J62: 42 | K62: 61 | L62: 743450 | M62: 1495499
A63: 보험서비스비용, 보험취득 현금흐름의 상각에 따른 금액 | B63: 133893 | C63: 265384 | D63: 58941 | E63: 113221 | F63: 14723 | G63: 28510 | H63: 2045 | I63: 4194 | J63: 0 | K63: 0 | L63: 209602 | M63: 411309
A64: 보험서비스비용, 과거 서비스와 관련된 금액 | B64: 294 | C64: 33717 | D64: 3815 | E64: 32280 | F64: -4807 | G64: -4232 | H64: 2490 | I64: 30709 | J64: 0 | K64: 0 | L64: 1792 | M64: 92474
A65: 보험서비스비용, 미래 서비스와 관련된 변동분에 관련된 금액 | B65: 1791 | C65: 2448 | D65: 12364 | E65: 34247 | F65: 4756 | G65: -5820 | H65: -342 | I65: -698 | J65: 0 | K65: 0 | L65: 18569 | M65: 30177
A66: 발행한 보험계약에서 생기는 보험서비스비용 | B66: 422346 | C66: 873246 | D66: 357761 | E66: 747977 | F66: 80813 | G66: 150465 | H66: 112451 | I66: 257710 | J66: 42 | K66: 61 | L66: 973413 | M66: 2029459 | N66: 4611 | O66: 12487 | Q66: 0 | S66: 0 | U66: 0 | W66: 0 | X66: 4611 | Y66: 12487
A68: 발행보험의 보험서비스결과 분석 공시
A70: 발행보험의 보험서비스결과 분석 공시
A71: 당반기 | B71: (단위 : 백만원)
B72: 보험계약의 세분
B73: 발행한 보험계약
B74: 계약의 유형 | L74: 계약의 유형 합계
B75: 사망보험 | D75: 건강보험 | F75: 연금저축보험 | H75: 변액보험 | J75: 기타보험
B76: 3개월 | C76: 누적 | D76: 3개월 | E76: 누적 | F76: 3개월 | G76: 누적 | H76: 3개월 | I76: 누적 | J76: 3개월 | K76: 누적 | L76: 3개월 | M76: 누적
A77: 보험수익 | B77: 510805 | C77: 1018910 | D77: 518139 | E77: 1017028 | F77: 143479 | G77: 280566 | H77: 109061 | I77: 219157 | J77: 0 | K77: 0 | L77: 1281484 | M77: 2535661
A78: 발행한 보험계약에서 생기는 보험서비스비용 | B78: 441388 | C78: 869257 | D78: 516038 | E78: 958474 | F78: 79599 | G78: 181499 | H78: 138267 | I78: 283423 | J78: 64 | K78: 134 | L78: 1175356 | M78: 2292787
A79: 보험서비스결과 | B79: 69417 | C79: 149653 | D79: 2101 | E79: 58554 | F79: 63880 | G79: 99067 | H79: -29206 | I79: -64266 | J79: -64 | K79: -134 | L79: 106128 | M79: 242874
A81: 전반기 | B81: (단위 : 백만원)
B82: 보험계약의 세분
B83: 발행한 보험계약
B84: 계약의 유형 | L84: 계약의 유형 합계
B85: 사망보험 | D85: 건강보험 | F85: 연금저축보험 | H85: 변액보험 | J85: 기타보험
B86: 3개월 | C86: 누적 | D86: 3개월 | E86: 누적 | F86: 3개월 | G86: 누적 | H86: 3개월 | I86: 누적 | J86: 3개월 | K86: 누적 | L86: 3개월 | M86: 누적
A87: 보험수익 | B87: 516357 | C87: 1040922 | D87: 446990 | E87: 887958 | F87: 113116 | G87: 214990 | H87: 125799 | I87: 254945 | J87: 0 | K87: 0 | L87: 1202262 | M87: 2398815
A88: 발행한 보험계약에서 생기는 보험서비스비용 | B88: 426957 | C88: 885733 | D88: 357761 | E88: 747977 | F88: 80813 | G88: 150465 | H88: 112451 | I88: 257710 | J88: 42 | K88: 61 | L88: 978024 | M88: 2041946
A89: 보험서비스결과 | B89: 89400 | C89: 155189 | D89: 89229 | E89: 139981 | F89: 32303 | G89: 64525 | H89: 13348 | I89: -2765 | J89: -42 | K89: -61 | L89: 224238 | M89: 356869
A92: 24. 재보험서비스결과
A94: 재보험비용의 보험서비스비용 분석 공시
A95: 당반기 | B95: (단위 : 백만원)
B96: 보험계약의 세분
B97: 보유 재보험계약
B98: 보험계약
B99: 보험료배분접근법을 적용한 보험계약 외의 보험계약 | J99: 보험료배분접근법을 적용한 보험계약
B100: 계약의 유형 | H100: 계약의 유형 합계 | J100: 계약의 유형 | P100: 계약의 유형 합계
B101: 사망보험 | D101: 건강보험 | F101: 기타보험 | J101: 사망보험 | L101: 건강보험 | N101: 기타보험
B102: 3개월 | C102: 누적 | D102: 3개월 | E102: 누적 | F102: 3개월 | G102: 누적 | H102: 3개월 | I102: 누적 | J102: 3개월 | K102: 누적 | L102: 3개월 | M102: 누적 | N102: 3개월 | O102: 누적 | P102: 3개월 | Q102: 누적
A103: 재보험수익, 발생한 보험금 및 그 밖의 발생한 보험서비스비용 | B103: -1693 | C103: 1244 | D103: 8143 | E103: 32198 | F103: 0 | G103: 0 | H103: 6450 | I103: 33442
A104: 재보험수익, 과거 서비스와 관련된 금액 | B104: -231 | C104: -325 | D104: -2573 | E104: -5791 | F104: 0 | G104: 0 | H104: -2804 | I104: -6116
A105: 재보험수익, 미래 서비스와 관련된 변동분에 관련된 금액 | B105: 45 | C105: 57 | D105: 185 | E105: 251 | F105: 0 | G105: 0 | H105: 230 | I105: 308
A106: 재보험자에게서 회수한 금액에서 생기는 수익 | B106: -1879 | C106: 976 | D106: 5755 | E106: 26658 | F106: 0 | G106: 0 | H106: 3876 | I106: 27634 | J106: 0 | K106: 0 | L106: 0 | M106: 0 | N106: 0 | O106: 0 | P106: 0 | Q106: 0
A108: 전반기 | B108: (단위 : 백만원)
B109: 보험계약의 세분
B110: 보유 재보험계약
B111: 보험계약
B112: 보험료배분접근법을 적용한 보험계약 외의 보험계약 | J112: 보험료배분접근법을 적용한 보험계약
...

Sheet 포괄손익계산서
A1: 4-2. 포괄손익계산서
A2: 포괄손익계산서
A3: 제 77 기 반기 2025.01.01 부터 2025.06.30 까지
A4: 제 76 기 반기 2024.01.01 부터 2024.06.30 까지
A5: (단위 : 백만원)
B6: 제 77 기 반기 | D6: 제 76 기 반기
B7: 3개월 | C7: 누적 | D7: 3개월 | E7: 누적
A8: 보험손익 | B8: 71792 | C8: 175999 | D8: 183724 | E8: 274552
A9: 보험영업수익 | B9: 1285360 | C9: 2563295 | D9: 1260163 | E9: 2523822
A10: 보험수익 | B10: 1281484 | C10: 2535661 | D10: 1202262 | E10: 2398815
A11: 재보험수익 | B11: 3876 | C11: 27634 | D11: 57901 | E11: 125007
A12: 보험서비스비용 | B12: 1213568 | C12: 2387296 | D12: 1076439 | E12: 2249270
A13: 보험비용 | B13: 1175356 | C13: 2292787 | D13: 978024 | E13: 2041946
A14: 재보험비용 | B14: 6062 | C14: 34649 | D14: 66095 | E14: 128104
A15: 기타사업비용 | B15: 32150 | C15: 59860 | D15: 32320 | E15: 79220
A16: 투자손익 | B16: -5977 | C16: 14893 | D16: 28860 | E16: 99089
A17: 투자영업수익 | B17: 3005941 | C17: 5095039 | D17: 2236288 | E17: 4555140
A18: 재보험금융수익 | B18: 1377 | C18: 2632 | D18: 1372 | E18: 2466
A19: 이자수익 | B19: 660206 | C19: 1295174 | D19: 621482 | E19: 1248527
... A55: 총포괄손익 | B55: 146616 | C55: -610585 | D55: -889768 | E55: -1503771
A56: 주당이익(손실)
A57: 보통주기본주당이익 (단위 : 원) | B57: 57 | C57: 200 | D57: 222 | E57: 448
A58: 보통주희석주당이익 (단위 : 원) | B58: 57 | C58: 200 | D58: 222 | E58: 448
